iName,1.0,2.0,3.0,4.0,5.0,6.0
Amboori__Thiruvananthapuram,Amboori__Thiruvananthapuram (15283.2),Thiruvananthapuram(C)__Thiruvananthapuram (205.5013295370507),Vellarada__Thiruvananthapuram (57.49628311234714),Ottasekharamangalam__Thiruvananthapuram (39.068406829696436),Kallikkad__Thiruvananthapuram (36.20088056651718),Neyyattinkara(M)__Thiruvananthapuram (32.293432048580534)
Anad__Thiruvananthapuram,Anad__Thiruvananthapuram (28835.17),Nedumangad(M)__Thiruvananthapuram (999.1464262385082),Thiruvananthapuram(C)__Thiruvananthapuram (971.4548960425647),Panavoor__Thiruvananthapuram (108.34633151483082),Karakulam__Thiruvananthapuram (65.20213581019499),Vembayam__Thiruvananthapuram (60.707910091545294)
Anchuthengu__Thiruvananthapuram,Anchuthengu__Thiruvananthapuram (15830.36),Vakkam__Thiruvananthapuram (513.0237670056248),Thiruvananthapuram(C)__Thiruvananthapuram (206.97422811182088),Varkala(M)__Thiruvananthapuram (87.7791680447747),Kadakkavoor__Thiruvananthapuram (86.5954927629454),Vettoor__Thiruvananthapuram (84.25253962719202)
Andoorkonam__Thiruvananthapuram,Andoorkonam__Thiruvananthapuram (28010.71),Thiruvananthapuram(C)__Thiruvananthapuram (1353.7838173093512),Kadinamkulam__Thiruvananthapuram (376.35300370758205),Mangalapuram__Thiruvananthapuram (193.1357705705056),Pothencodu__Thiruvananthapuram (164.73984273434118),Azhoor__Thiruvananthapuram (56.18832448353539)
Aruvikkara__Thiruvananthapuram,Aruvikkara__Thiruvananthapuram (30390.36),Thiruvananthapuram(C)__Thiruvananthapuram (1808.3785569417043),Nedumangad(M)__Thiruvananthapuram (300.0044272795019),Vellanad__Thiruvananthapuram (136.4329379899573),Karakulam__Thiruvananthapuram (120.10467674096334),Vilappil__Thiruvananthapuram (100.26477327297015)
Aryanad__Thiruvananthapuram,Aryanad__Thiruvananthapuram (25306.56),Thiruvananthapuram(C)__Thiruvananthapuram (457.3276536095158),Nedumangad(M)__Thiruvananthapuram (57.91037490847781),Uzhamalakkal__Thiruvananthapuram (48.61894069034414),Poovachal__Thiruvananthapuram (46.17589390062468),Vellanad__Thiruvananthapuram (44.63067416268942)
Aryancodu__Thiruvananthapuram,Aryancodu__Thiruvananthapuram (22138.48),Thiruvananthapuram(C)__Thiruvananthapuram (608.6822274821094),Neyyattinkara(M)__Thiruvananthapuram (221.8319688146972),Ottasekharamangalam__Thiruvananthapuram (168.23095511936103),Kunnathukal__Thiruvananthapuram (125.49425833853758),Vellarada__Thiruvananthapuram (125.4843785992163)
Athiyannoor__Thiruvananthapuram,Athiyannoor__Thiruvananthapuram (24545.43),Neyyattinkara(M)__Thiruvananthapuram (650.4577755291526),Thiruvananthapuram(C)__Thiruvananthapuram (542.7164891454746),Balaramapuram__Thiruvananthapuram (172.21280947846276),Kottukal__Thiruvananthapuram (164.17831281928625),Thirupuram__Thiruvananthapuram (112.94135557051334)
Attingal(M)__Thiruvananthapuram,Attingal(M)__Thiruvananthapuram (34066.76),Thiruvananthapuram(C)__Thiruvananthapuram (691.5564989970292),Kizhuvilam__Thiruvananthapuram (377.66725354920897),Mudakkal__Thiruvananthapuram (244.38301336638554),Kadakkavoor__Thiruvananthapuram (243.66027103070067),Karavaram__Thiruvananthapuram (198.07935063915446)
Azhoor__Thiruvananthapuram,Azhoor__Thiruvananthapuram (24924.9),Thiruvananthapuram(C)__Thiruvananthapuram (699.1109227592965),Mangalapuram__Thiruvananthapuram (285.2518508410218),Kizhuvilam__Thiruvananthapuram (282.86415716883283),Chirayinkeezhu__Thiruvananthapuram (211.0028545659496),Attingal(M)__Thiruvananthapuram (155.66315732023855)
Balaramapuram__Thiruvananthapuram,Balaramapuram__Thiruvananthapuram (32881.94),Thiruvananthapuram(C)__Thiruvananthapuram (1053.4509324686805),Neyyattinkara(M)__Thiruvananthapuram (659.8309761393489),Pallichal__Thiruvananthapuram (253.19220618890944),Athiyannoor__Thiruvananthapuram (168.25657062221956),Venganoor__Thiruvananthapuram (115.3434288877154)
Chemmaruthi__Thiruvananthapuram,Chemmaruthi__Thiruvananthapuram (29524.04),Varkala(M)__Thiruvananthapuram (726.2092625434339),Thiruvananthapuram(C)__Thiruvananthapuram (348.6038935170772),Elakamon__Thiruvananthapuram (245.66780169272093),Navayikkulam__Thiruvananthapuram (222.3385261703577),Ottoor__Thiruvananthapuram (174.352998424006)
Chenkal__Thiruvananthapuram,Chenkal__Thiruvananthapuram (33255.04),Thiruvananthapuram(C)__Thiruvananthapuram (635.9993623297362),Neyyattinkara(M)__Thiruvananthapuram (564.6319128707559),Parassala__Thiruvananthapuram (290.4436245026205),Karode__Thiruvananthapuram (224.6925081486125),Kollayil__Thiruvananthapuram (205.6856919941593)
Cherunniyoor__Thiruvananthapuram,Cherunniyoor__Thiruvananthapuram (16483.739999999998),Varkala(M)__Thiruvananthapuram (260.1565990140762),Thiruvananthapuram(C)__Thiruvananthapuram (185.81434968436133),Vettoor__Thiruvananthapuram (182.89173989896895),Manampoor__Thiruvananthapuram (140.62311930960422),Chemmaruthi__Thiruvananthapuram (121.8311825089995)
Chirayinkeezhu__Thiruvananthapuram,Chirayinkeezhu__Thiruvananthapuram (27215.370000000003),Thiruvananthapuram(C)__Thiruvananthapuram (609.5549942926906),Kizhuvilam__Thiruvananthapuram (393.57975816997265),Attingal(M)__Thiruvananthapuram (237.23101271993502),Azhoor__Thiruvananthapuram (235.53061211666517),Kadakkavoor__Thiruvananthapuram (175.78766266055231)
Edava__Thiruvananthapuram,Edava__Thiruvananthapuram (23654.54),Varkala(M)__Thiruvananthapuram (917.7511056306307),Thiruvananthapuram(C)__Thiruvananthapuram (313.13844956639406),Elakamon__Thiruvananthapuram (279.00465024509316),Chemmaruthi__Thiruvananthapuram (139.9296390732251),Navayikkulam__Thiruvananthapuram (59.09221010753152)
Elakamon__Thiruvananthapuram,Elakamon__Thiruvananthapuram (23029.37),Varkala(M)__Thiruvananthapuram (560.5839169384919),Chemmaruthi__Thiruvananthapuram (333.71405007572196),Thiruvananthapuram(C)__Thiruvananthapuram (299.93187082578106),Edava__Thiruvananthapuram (264.89278140571537),Navayikkulam__Thiruvananthapuram (122.78136973874172)
Kadakkavoor__Thiruvananthapuram,Kadakkavoor__Thiruvananthapuram (21071.05),Attingal(M)__Thiruvananthapuram (386.8736064383552),Thiruvananthapuram(C)__Thiruvananthapuram (300.1396444331122),Kizhuvilam__Thiruvananthapuram (169.27383251009368),Vakkam__Thiruvananthapuram (168.1811236168599),Manampoor__Thiruvananthapuram (164.12327170207658)
Kadinamkulam__Thiruvananthapuram,Kadinamkulam__Thiruvananthapuram (42293.16),Thiruvananthapuram(C)__Thiruvananthapuram (2358.4003496051723),Andoorkonam__Thiruvananthapuram (475.92315343162824),Mangalapuram__Thiruvananthapuram (187.1691663225836),Azhoor__Thiruvananthapuram (112.50200988403482),Pothencodu__Thiruvananthapuram (95.54778516784728)
Kallara__Thiruvananthapuram,Kallara__Thiruvananthapuram (24810.24),Thiruvananthapuram(C)__Thiruvananthapuram (320.75009011180026),Pangod__Thiruvananthapuram (90.63330914630653),Pullampara__Thiruvananthapuram (59.58166086660753),Vamanpuram__Thiruvananthapuram (58.38118580481615),Pulimathu__Thiruvananthapuram (40.16986614236356)
Kallikkad__Thiruvananthapuram,Kallikkad__Thiruvananthapuram (13010.88),Thiruvananthapuram(C)__Thiruvananthapuram (202.49480593042347),Amboori__Thiruvananthapuram (50.26399638922077),Vellarada__Thiruvananthapuram (24.555928565816174),Neyyattinkara(M)__Thiruvananthapuram (23.083199981587025),Poovachal__Thiruvananthapuram (15.988452080974014)
Kalliyoor__Thiruvananthapuram,Kalliyoor__Thiruvananthapuram (37142.56),Thiruvananthapuram(C)__Thiruvananthapuram (2202.6320109960557),Venganoor__Thiruvananthapuram (314.22984085879403),Pallichal__Thiruvananthapuram (299.3874940117257),Neyyattinkara(M)__Thiruvananthapuram (117.6337567178036),Balaramapuram__Thiruvananthapuram (91.30789418193943)
Kanjiramkulam__Thiruvananthapuram,Kanjiramkulam__Thiruvananthapuram (17127.11),Thiruvananthapuram(C)__Thiruvananthapuram (364.22389371546564),Karumkulam__Thiruvananthapuram (260.6628189562576),Kottukal__Thiruvananthapuram (215.37901463885947),Neyyattinkara(M)__Thiruvananthapuram (136.46115945729116),Thirupuram__Thiruvananthapuram (129.2558058120168)
Karakulam__Thiruvananthapuram,Karakulam__Thiruvananthapuram (47699.47),Thiruvananthapuram(C)__Thiruvananthapuram (3705.723238217389),Nedumangad(M)__Thiruvananthapuram (312.5460360707987),Aruvikkara__Thiruvananthapuram (83.00923842268988),Vembayam__Thiruvananthapuram (72.30768005784026),Anad__Thiruvananthapuram (34.931891347866724)
Karavaram__Thiruvananthapuram,Karavaram__Thiruvananthapuram (27900.6),Thiruvananthapuram(C)__Thiruvananthapuram (436.0135581664153),Attingal(M)__Thiruvananthapuram (413.64932854600136),Nagaroor__Thiruvananthapuram (396.48389146659747),Navayikkulam__Thiruvananthapuram (140.06017576038596),Manampoor__Thiruvananthapuram (138.602631291773)
Karode__Thiruvananthapuram,Karode__Thiruvananthapuram (29201.9),Kulathoor__Thiruvananthapuram (590.4269303685987),Thiruvananthapuram(C)__Thiruvananthapuram (554.2535515939774),Parassala__Thiruvananthapuram (341.08181885435437),Chenkal__Thiruvananthapuram (296.20065927011257),Neyyattinkara(M)__Thiruvananthapuram (213.53890712600244)
Karumkulam__Thiruvananthapuram,Karumkulam__Thiruvananthapuram (25743.9),Thiruvananthapuram(C)__Thiruvananthapuram (601.1495689468637),Kanjiramkulam__Thiruvananthapuram (349.11320540448764),Poovar__Thiruvananthapuram (317.27879241593877),Neyyattinkara(M)__Thiruvananthapuram (173.52593896148122),Kulathoor__Thiruvananthapuram (148.92758383632133)
Kattakada__Thiruvananthapuram,Kattakada__Thiruvananthapuram (36807.68),Thiruvananthapuram(C)__Thiruvananthapuram (1377.5495986278415),Poovachal__Thiruvananthapuram (392.0298482322052),Maranalloor__Thiruvananthapuram (336.81865594769477),Neyyattinkara(M)__Thiruvananthapuram (206.8620484330651),Malayinkeezhu__Thiruvananthapuram (151.66005566797128)
Kilimanoor__Thiruvananthapuram,Kilimanoor__Thiruvananthapuram (18668.65),Thiruvananthapuram(C)__Thiruvananthapuram (349.2275958486039),Pazhayakunnummel__Thiruvananthapuram (210.9371913364333),Nagaroor__Thiruvananthapuram (185.14244835907303),Madavoor__Thiruvananthapuram (124.66977079244646),Pulimathu__Thiruvananthapuram (103.20486322906558)
Kizhuvilam__Thiruvananthapuram,Kizhuvilam__Thiruvananthapuram (29939.91),Attingal(M)__Thiruvananthapuram (597.2701385798061),Thiruvananthapuram(C)__Thiruvananthapuram (576.2107333581652),Chirayinkeezhu__Thiruvananthapuram (308.7235615413279),Azhoor__Thiruvananthapuram (247.6703232884887),Kadakkavoor__Thiruvananthapuram (168.6036298040315)
Kollayil__Thiruvananthapuram,Kollayil__Thiruvananthapuram (22820.07),Neyyattinkara(M)__Thiruvananthapuram (480.6278059990188),Thiruvananthapuram(C)__Thiruvananthapuram (424.68563236032855),Kunnathukal__Thiruvananthapuram (210.0401836024505),Chenkal__Thiruvananthapuram (198.54176582871688),Parassala__Thiruvananthapuram (190.89623218960278)
Kottukal__Thiruvananthapuram,Kottukal__Thiruvananthapuram (30335.760000000002),Thiruvananthapuram(C)__Thiruvananthapuram (985.4247637211047),Neyyattinkara(M)__Thiruvananthapuram (279.8258837610398),Kanjiramkulam__Thiruvananthapuram (244.3692596463676),Athiyannoor__Thiruvananthapuram (214.2778931700875),Venganoor__Thiruvananthapuram (206.76284033517746)
Kulathoor__Thiruvananthapuram,Kulathoor__Thiruvananthapuram (29637.79),Thiruvananthapuram(C)__Thiruvananthapuram (540.0498465046685),Karode__Thiruvananthapuram (495.4427812902766),Poovar__Thiruvananthapuram (453.0351519056525),Chenkal__Thiruvananthapuram (222.2997598595942),Neyyattinkara(M)__Thiruvananthapuram (201.73285731677802)
Kunnathukal__Thiruvananthapuram,Kunnathukal__Thiruvananthapuram (37837.44),Thiruvananthapuram(C)__Thiruvananthapuram (372.74735012962236),Neyyattinkara(M)__Thiruvananthapuram (204.4935506320179),Vellarada__Thiruvananthapuram (149.0016533606018),Kollayil__Thiruvananthapuram (130.98386718102827),Perumkadavila__Thiruvananthapuram (92.123077864793)
Madavoor__Thiruvananthapuram,Madavoor__Thiruvananthapuram (19192.81),Thiruvananthapuram(C)__Thiruvananthapuram (357.3152709675978),Navayikkulam__Thiruvananthapuram (228.13725497677598),Pallikkal__Thiruvananthapuram (207.73844614546167),Kilimanoor__Thiruvananthapuram (157.94500914225674),Nagaroor__Thiruvananthapuram (78.91799241318192)
Malayinkeezhu__Thiruvananthapuram,Malayinkeezhu__Thiruvananthapuram (33731.88),Thiruvananthapuram(C)__Thiruvananthapuram (1672.4066473763282),Pallichal__Thiruvananthapuram (244.9326955334969),Vilavoorkal__Thiruvananthapuram (243.5261693824189),Maranalloor__Thiruvananthapuram (188.93055531399568),Neyyattinkara(M)__Thiruvananthapuram (133.58250669662436)
Manampoor__Thiruvananthapuram,Manampoor__Thiruvananthapuram (21110.18),Attingal(M)__Thiruvananthapuram (284.4834708212015),Thiruvananthapuram(C)__Thiruvananthapuram (273.08815281898677),Ottoor__Thiruvananthapuram (184.2372528790564),Kadakkavoor__Thiruvananthapuram (180.1618380226953),Cherunniyoor__Thiruvananthapuram (137.62430968635883)
Mangalapuram__Thiruvananthapuram,Mangalapuram__Thiruvananthapuram (33629.96),Thiruvananthapuram(C)__Thiruvananthapuram (1164.6838340869288),Azhoor__Thiruvananthapuram (271.4377725628459),Andoorkonam__Thiruvananthapuram (230.17339988068264),Pothencodu__Thiruvananthapuram (213.2690110871578),Kadinamkulam__Thiruvananthapuram (176.3945955788328)
Manikkal__Thiruvananthapuram,Manikkal__Thiruvananthapuram (36389.76),Thiruvananthapuram(C)__Thiruvananthapuram (654.5087087155772),Vembayam__Thiruvananthapuram (121.15693314059257),Pothencodu__Thiruvananthapuram (80.35752712404673),Nellanadu__Thiruvananthapuram (70.99166351725172),Nedumangad(M)__Thiruvananthapuram (63.757751847414134)
Maranalloor__Thiruvananthapuram,Maranalloor__Thiruvananthapuram (35358.72),Thiruvananthapuram(C)__Thiruvananthapuram (539.6332285952318),Neyyattinkara(M)__Thiruvananthapuram (164.40234387160606),Kattakada__Thiruvananthapuram (129.11232497713337),Malayinkeezhu__Thiruvananthapuram (109.27440402655023),Pallichal__Thiruvananthapuram (65.25783082980905)
Mudakkal__Thiruvananthapuram,Mudakkal__Thiruvananthapuram (35008.32),Thiruvananthapuram(C)__Thiruvananthapuram (397.32520947578433),Attingal(M)__Thiruvananthapuram (220.85976339705334),Nellanadu__Thiruvananthapuram (68.38182143205087),Mangalapuram__Thiruvananthapuram (62.89833133913488),Kizhuvilam__Thiruvananthapuram (57.33644068549579)
Nagaroor__Thiruvananthapuram,Nagaroor__Thiruvananthapuram (24125.920000000002),Karavaram__Thiruvananthapuram (438.7813046578583),Thiruvananthapuram(C)__Thiruvananthapuram (415.01956808768006),Attingal(M)__Thiruvananthapuram (205.6640133273953),Kilimanoor__Thiruvananthapuram (138.21088669152726),Pulimathu__Thiruvananthapuram (119.19150584829036)
Nanniyodu__Thiruvananthapuram,Nanniyodu__Thiruvananthapuram (25852.8),Thiruvananthapuram(C)__Thiruvananthapuram (402.5322409668556),Panavoor__Thiruvananthapuram (88.22693925484045),Nedumangad(M)__Thiruvananthapuram (85.92032197315842),Anad__Thiruvananthapuram (48.3573604809011),Pangod__Thiruvananthapuram (34.8405980686056)
Navayikkulam__Thiruvananthapuram,Navayikkulam__Thiruvananthapuram (39073.92),Thiruvananthapuram(C)__Thiruvananthapuram (284.1460848528268),Chemmaruthi__Thiruvananthapuram (144.8920236060792),Varkala(M)__Thiruvananthapuram (113.45461232411753),Karavaram__Thiruvananthapuram (100.40252355314367),Madavoor__Thiruvananthapuram (87.07532613697707)
Nedumangad(M)__Thiruvananthapuram,Nedumangad(M)__Thiruvananthapuram (57754.56),Thiruvananthapuram(C)__Thiruvananthapuram (1314.2867803279205),Anad__Thiruvananthapuram (234.42059542925494),Karakulam__Thiruvananthapuram (136.8738054737864),Aruvikkara__Thiruvananthapuram (90.80306776314009),Vembayam__Thiruvananthapuram (62.74967197951942)
Nellanadu__Thiruvananthapuram,Nellanadu__Thiruvananthapuram (23642.71),Thiruvananthapuram(C)__Thiruvananthapuram (715.5542266164379),Manikkal__Thiruvananthapuram (187.32052423623333),Vamanpuram__Thiruvananthapuram (178.81940300280272),Mudakkal__Thiruvananthapuram (154.63350155172947),Pulimathu__Thiruvananthapuram (92.12167086995662)
Neyyattinkara(M)__Thiruvananthapuram,Neyyattinkara(M)__Thiruvananthapuram (68016.0),Thiruvananthapuram(C)__Thiruvananthapuram (848.2982111949889),Balaramapuram__Thiruvananthapuram (213.22977130307112),Athiyannoor__Thiruvananthapuram (205.37181056855252),Perumkadavila__Thiruvananthapuram (179.83783982285283),Chenkal__Thiruvananthapuram (121.93430312837425)
Ottasekharamangalam__Thiruvananthapuram,Ottasekharamangalam__Thiruvananthapuram (17102.54),Thiruvananthapuram(C)__Thiruvananthapuram (524.6881248986441),Aryancodu__Thiruvananthapuram (190.52784261600223),Neyyattinkara(M)__Thiruvananthapuram (102.52930777439161),Kattakada__Thiruvananthapuram (101.58553764997528),Poovachal__Thiruvananthapuram (86.47873767054989)
Ottoor__Thiruvananthapuram,Ottoor__Thiruvananthapuram (14637.35),Manampoor__Thiruvananthapuram (199.07842983244774),Thiruvananthapuram(C)__Thiruvananthapuram (174.40091912734832),Chemmaruthi__Thiruvananthapuram (142.9420047533087),Varkala(M)__Thiruvananthapuram (111.60995873198848),Attingal(M)__Thiruvananthapuram (99.73151525282907)
Pallichal__Thiruvananthapuram,Pallichal__Thiruvananthapuram (41149.29),Thiruvananthapuram(C)__Thiruvananthapuram (2047.1301925893702),Kalliyoor__Thiruvananthapuram (303.412239416521),Malayinkeezhu__Thiruvananthapuram (251.247841153596),Neyyattinkara(M)__Thiruvananthapuram (222.53236779134832),Balaramapuram__Thiruvananthapuram (222.19201477364427)
Pallikkal__Thiruvananthapuram,Pallikkal__Thiruvananthapuram (15379.0),Thiruvananthapuram(C)__Thiruvananthapuram (298.03072643055833),Madavoor__Thiruvananthapuram (255.42415621904246),Navayikkulam__Thiruvananthapuram (192.7621048111345),Varkala(M)__Thiruvananthapuram (65.97380919710285),Chemmaruthi__Thiruvananthapuram (49.728561818360774)
Panavoor__Thiruvananthapuram,Panavoor__Thiruvananthapuram (18516.68),Thiruvananthapuram(C)__Thiruvananthapuram (660.0613910936498),Nedumangad(M)__Thiruvananthapuram (201.45191777148113),Anad__Thiruvananthapuram (165.6787797255608),Nanniyodu__Thiruvananthapuram (135.85327574168915),Pullampara__Thiruvananthapuram (72.13738809169654)
Pangod__Thiruvananthapuram,Pangod__Thiruvananthapuram (27877.44),Thiruvananthapuram(C)__Thiruvananthapuram (396.81406576139364),Kallara__Thiruvananthapuram (129.34796347593627),Nanniyodu__Thiruvananthapuram (48.807369200983395),Nedumangad(M)__Thiruvananthapuram (47.757288309145196),Pulimathu__Thiruvananthapuram (29.790253146894344)
Parassala__Thiruvananthapuram,Parassala__Thiruvananthapuram (47559.33),Thiruvananthapuram(C)__Thiruvananthapuram (1113.4184066481196),Neyyattinkara(M)__Thiruvananthapuram (506.4153068300578),Chenkal__Thiruvananthapuram (491.75520625897735),Karode__Thiruvananthapuram (438.0747888498453),Kollayil__Thiruvananthapuram (334.839494291996)
Pazhayakunnummel__Thiruvananthapuram,Pazhayakunnummel__Thiruvananthapuram (22393.28),Thiruvananthapuram(C)__Thiruvananthapuram (508.6618226652058),Pulimathu__Thiruvananthapuram (280.58346663051344),Kilimanoor__Thiruvananthapuram (237.19585311123177),Nagaroor__Thiruvananthapuram (106.99492047583605),Attingal(M)__Thiruvananthapuram (79.93946189836656)
Peringammala__Thiruvananthapuram,Peringammala__Thiruvananthapuram (27113.66),Thiruvananthapuram(C)__Thiruvananthapuram (235.9847976328597),Nedumangad(M)__Thiruvananthapuram (25.939944095255438),Nanniyodu__Thiruvananthapuram (19.27770808100535),Pangod__Thiruvananthapuram (19.244308930130778),Vithura__Thiruvananthapuram (16.88001445542398)
Perumkadavila__Thiruvananthapuram,Perumkadavila__Thiruvananthapuram (21280.35),Neyyattinkara(M)__Thiruvananthapuram (675.1592562556409),Thiruvananthapuram(C)__Thiruvananthapuram (441.77920363093074),Kunnathukal__Thiruvananthapuram (124.07687617575635),Kollayil__Thiruvananthapuram (93.18295033882767),Aryancodu__Thiruvananthapuram (81.4948517100184)
Poovachal__Thiruvananthapuram,Poovachal__Thiruvananthapuram (41865.6),Thiruvananthapuram(C)__Thiruvananthapuram (747.0910201698931),Kattakada__Thiruvananthapuram (207.59436722650878),Vilappil__Thiruvananthapuram (63.059698641267566),Neyyattinkara(M)__Thiruvananthapuram (60.09318315929043),Vellanad__Thiruvananthapuram (57.5471548724842)
Poovar__Thiruvananthapuram,Poovar__Thiruvananthapuram (17861.48),Kulathoor__Thiruvananthapuram (352.91171317530507),Thiruvananthapuram(C)__Thiruvananthapuram (299.6957865638733),Karumkulam__Thiruvananthapuram (259.45118155762486),Thirupuram__Thiruvananthapuram (136.60050742369685),Neyyattinkara(M)__Thiruvananthapuram (115.51708418644608)
Pothencodu__Thiruvananthapuram,Pothencodu__Thiruvananthapuram (26726.7),Thiruvananthapuram(C)__Thiruvananthapuram (1178.69142878236),Mangalapuram__Thiruvananthapuram (195.87008033706527),Andoorkonam__Thiruvananthapuram (180.3148144820241),Manikkal__Thiruvananthapuram (163.77350412714364),Kadinamkulam__Thiruvananthapuram (82.70122446739389)
Pulimathu__Thiruvananthapuram,Pulimathu__Thiruvananthapuram (31001.28),Thiruvananthapuram(C)__Thiruvananthapuram (311.4660755180158),Vamanpuram__Thiruvananthapuram (132.94139553891458),Pazhayakunnummel__Thiruvananthapuram (96.60560851135769),Nagaroor__Thiruvananthapuram (61.81633500198274),Attingal(M)__Thiruvananthapuram (58.78728146890071)
Pullampara__Thiruvananthapuram,Pullampara__Thiruvananthapuram (20944.32),Thiruvananthapuram(C)__Thiruvananthapuram (315.3918192720946),Manikkal__Thiruvananthapuram (51.471491929738804),Nedumangad(M)__Thiruvananthapuram (50.126198536557816),Kallara__Thiruvananthapuram (44.30753306918628),Nellanadu__Thiruvananthapuram (37.80694012598877)
Thirupuram__Thiruvananthapuram,Thirupuram__Thiruvananthapuram (17197.18),Thiruvananthapuram(C)__Thiruvananthapuram (324.4122193780965),Neyyattinkara(M)__Thiruvananthapuram (224.85148199566692),Athiyannoor__Thiruvananthapuram (130.93301483568368),Kanjiramkulam__Thiruvananthapuram (130.26502869371012),Poovar__Thiruvananthapuram (125.69797890664047)
Thiruvananthapuram(C)__Thiruvananthapuram,Thiruvananthapuram(C)__Thiruvananthapuram (947518.88),Karakulam__Thiruvananthapuram (2053.163920788684),Nedumangad(M)__Thiruvananthapuram (1662.77863605778),Vilavoorkal__Thiruvananthapuram (998.2134201026175),Neyyattinkara(M)__Thiruvananthapuram (833.9017515367017),Kalliyoor__Thiruvananthapuram (808.0621216108314)
Tholikkodu__Thiruvananthapuram,Tholikkodu__Thiruvananthapuram (24263.04),Thiruvananthapuram(C)__Thiruvananthapuram (414.68732954284974),Nedumangad(M)__Thiruvananthapuram (106.91697672678195),Uzhamalakkal__Thiruvananthapuram (52.014431212001185),Anad__Thiruvananthapuram (41.528632547972656),Aryanad__Thiruvananthapuram (31.21991569896436)
Uzhamalakkal__Thiruvananthapuram,Uzhamalakkal__Thiruvananthapuram (19539.52),Thiruvananthapuram(C)__Thiruvananthapuram (808.8640773927159),Nedumangad(M)__Thiruvananthapuram (216.0218609068524),Vellanad__Thiruvananthapuram (176.7499074728445),Tholikkodu__Thiruvananthapuram (78.55191441145246),Aruvikkara__Thiruvananthapuram (70.17067684673913)
Vakkam__Thiruvananthapuram,Vakkam__Thiruvananthapuram (15045.03),Anchuthengu__Thiruvananthapuram (436.9692197425735),Thiruvananthapuram(C)__Thiruvananthapuram (173.14813533904646),Kadakkavoor__Thiruvananthapuram (154.44259513845432),Attingal(M)__Thiruvananthapuram (87.13290786235338),Chirayinkeezhu__Thiruvananthapuram (68.16951469149332)
Vamanpuram__Thiruvananthapuram,Vamanpuram__Thiruvananthapuram (19144.58),Thiruvananthapuram(C)__Thiruvananthapuram (481.36999636295604),Pulimathu__Thiruvananthapuram (249.68093163680234),Nellanadu__Thiruvananthapuram (196.97218602717203),Kallara__Thiruvananthapuram (100.70886887612865),Mudakkal__Thiruvananthapuram (67.74806831620839)
Varkala(M)__Thiruvananthapuram,Varkala(M)__Thiruvananthapuram (36443.68),Thiruvananthapuram(C)__Thiruvananthapuram (550.5321754391222),Chemmaruthi__Thiruvananthapuram (483.4183167253648),Edava__Thiruvananthapuram (426.99094363395403),Vettoor__Thiruvananthapuram (328.3075107844382),Elakamon__Thiruvananthapuram (274.71077845230576)
Vellanad__Thiruvananthapuram,Vellanad__Thiruvananthapuram (28351.96),Thiruvananthapuram(C)__Thiruvananthapuram (1358.127463330476),Nedumangad(M)__Thiruvananthapuram (202.33061216310625),Aruvikkara__Thiruvananthapuram (196.65808775822788),Uzhamalakkal__Thiruvananthapuram (148.45006696663478),Vilappil__Thiruvananthapuram (113.92249825558277)
Vellarada__Thiruvananthapuram,Vellarada__Thiruvananthapuram (38597.76),Thiruvananthapuram(C)__Thiruvananthapuram (466.28282394727387),Kunnathukal__Thiruvananthapuram (211.48503041485688),Neyyattinkara(M)__Thiruvananthapuram (127.66059153949149),Aryancodu__Thiruvananthapuram (92.1746119853553),Amboori__Thiruvananthapuram (54.435227500753626)
Vembayam__Thiruvananthapuram,Vembayam__Thiruvananthapuram (37084.8),Thiruvananthapuram(C)__Thiruvananthapuram (876.5083298980131),Nedumangad(M)__Thiruvananthapuram (122.25468077387661),Manikkal__Thiruvananthapuram (95.72614920139794),Karakulam__Thiruvananthapuram (61.69426726931944),Pothencodu__Thiruvananthapuram (30.473693935497618)
Venganoor__Thiruvananthapuram,Venganoor__Thiruvananthapuram (32726.329999999998),Thiruvananthapuram(C)__Thiruvananthapuram (1559.1448284239984),Kalliyoor__Thiruvananthapuram (411.3749302981032),Kottukal__Thiruvananthapuram (175.46340814644097),Neyyattinkara(M)__Thiruvananthapuram (164.9079384429054),Pallichal__Thiruvananthapuram (156.1356009471873)
Vettoor__Thiruvananthapuram,Vettoor__Thiruvananthapuram (17020.64),Varkala(M)__Thiruvananthapuram (435.9383302082071),Thiruvananthapuram(C)__Thiruvananthapuram (210.4051907677496),Cherunniyoor__Thiruvananthapuram (208.52320094425866),Anchuthengu__Thiruvananthapuram (99.93578401781396),Vakkam__Thiruvananthapuram (80.44334873760673)
Vilappil__Thiruvananthapuram,Vilappil__Thiruvananthapuram (32952.92),Thiruvananthapuram(C)__Thiruvananthapuram (2048.8293057624883),Vilavoorkal__Thiruvananthapuram (133.4234639513312),Malayinkeezhu__Thiruvananthapuram (104.06618717064396),Aruvikkara__Thiruvananthapuram (103.59533954087331),Nedumangad(M)__Thiruvananthapuram (88.46882777325717)
Vilavoorkal__Thiruvananthapuram,Vilavoorkal__Thiruvananthapuram (28902.510000000002),Thiruvananthapuram(C)__Thiruvananthapuram (1988.9105950070457),Malayinkeezhu__Thiruvananthapuram (180.17578928672165),Vilappil__Thiruvananthapuram (98.52566625897089),Pallichal__Thiruvananthapuram (89.17684833255592),Neyyattinkara(M)__Thiruvananthapuram (48.81590496819535)
Vithura__Thiruvananthapuram,Vithura__Thiruvananthapuram (25724.02),Thiruvananthapuram(C)__Thiruvananthapuram (228.68856606783305),Nedumangad(M)__Thiruvananthapuram (27.339534427724033),Aryanad__Thiruvananthapuram (23.222335743459865),Tholikkodu__Thiruvananthapuram (22.18413352755757),Peringammala__Thiruvananthapuram (12.099758164801878)
