,Name,area
0,Karumkulam__Thiruvananthapuram,4713572.446726623
1,Kanjiramkulam__Thiruvananthapuram,9359872.300672213
2,Athiyannoor__Thiruvananthapuram,12201140.284732632
3,Venganoor__Thiruvananthapuram,14763862.750540905
4,Madavoor__Thiruvananthapuram,18349515.98535374
5,Karavaram__Thiruvananthapuram,22296511.66989693
6,Nagaroor__Thiruvananthapuram,23480549.84506562
7,Navayikkulam__Thiruvananthapuram,28742548.385654323
8,Pulimathu__Thiruvananthapuram,26752950.83079281
9,Kilimanoor__Thiruvananthapuram,19363658.270041533
10,Pallikkal__Thiruvananthapuram,16565427.891592493
11,Pazhayakunnummel__Thiruvananthapuram,24800819.651294034
12,Kattakada__Thiruvananthapuram,22603269.713667292
13,Poovachal__Thiruvananthapuram,30396753.41726574
14,Aryanad__Thiruvananthapuram,39246581.357014
15,Vellanad__Thiruvananthapuram,23344699.25110715
16,Uzhamalakkal__Thiruvananthapuram,18536291.913237136
17,Tholikkodu__Thiruvananthapuram,25030753.395187248
18,Balaramapuram__Thiruvananthapuram,10619099.409927418
19,Pallichal__Thiruvananthapuram,18597254.918983407
20,Malayinkeezhu__Thiruvananthapuram,16040213.667925006
21,Maranalloor__Thiruvananthapuram,25100519.609598257
22,Kalliyoor__Thiruvananthapuram,17224088.684460636
23,Vilappil__Thiruvananthapuram,20983442.00979573
24,Vilavoorkal__Thiruvananthapuram,10439808.012402529
25,Karode__Thiruvananthapuram,14067665.708376462
26,Parassala__Thiruvananthapuram,20194372.747043647
27,Poovar__Thiruvananthapuram,9387955.17812612
28,Chenkal__Thiruvananthapuram,19773457.01353605
29,Thirupuram__Thiruvananthapuram,6569213.566634444
30,Kulathoor__Thiruvananthapuram,13213235.962373327
31,Kollayil__Thiruvananthapuram,13445856.697261374
32,Kunnathukal__Thiruvananthapuram,25133413.293650407
33,Perumkadavila__Thiruvananthapuram,18051450.129541416
34,Aryancodu__Thiruvananthapuram,21641547.248633295
35,Ottasekharamangalam__Thiruvananthapuram,17687661.832006827
36,Kallikkad__Thiruvananthapuram,82290628.37359555
37,Chirayinkeezhu__Thiruvananthapuram,11507799.521350006
38,Anchuthengu__Thiruvananthapuram,4131620.3290242427
39,Vakkam__Thiruvananthapuram,5024063.196371232
40,Mudakkal__Thiruvananthapuram,25780162.327495746
41,Manampoor__Thiruvananthapuram,14862164.218380878
42,Vettoor__Thiruvananthapuram,6929396.264625168
43,Varkala(M)__Thiruvananthapuram,15589879.767821793
44,Cherunniyoor__Thiruvananthapuram,9956552.530127766
45,Ottoor__Thiruvananthapuram,9532578.487524638
46,Edava__Thiruvananthapuram,9354853.960547578
47,Chemmaruthi__Thiruvananthapuram,17488563.596380904
48,Elakamon__Thiruvananthapuram,17374814.02031889
49,Aruvikkara__Thiruvananthapuram,21263205.99258773
50,Anad__Thiruvananthapuram,23870759.456279956
51,Panavoor__Thiruvananthapuram,21942856.716991317
52,Vembayam__Thiruvananthapuram,30770514.67315287
53,Nedumangad(M)__Thiruvananthapuram,32415198.938917987
54,Peringammala__Thiruvananthapuram,228888722.42486173
55,Nanniyodu__Thiruvananthapuram,38720196.197245575
56,Manikkal__Thiruvananthapuram,33316768.10608117
57,Nellanadu__Thiruvananthapuram,18446806.859557077
58,Pangod__Thiruvananthapuram,37050410.78638135
59,Kallara__Thiruvananthapuram,26143440.479098137
60,Kadinamkulam__Thiruvananthapuram,19911493.877828456
61,Pothencodu__Thiruvananthapuram,19414386.276363887
62,Mangalapuram__Thiruvananthapuram,22643707.017191667
63,Kottukal__Thiruvananthapuram,14818128.029200232
64,Vellarada__Thiruvananthapuram,34522511.22736981
65,Kadakkavoor__Thiruvananthapuram,10814644.798189797
66,Kizhuvilam__Thiruvananthapuram,13965821.193756374
67,Karakulam__Thiruvananthapuram,24268226.62854
68,Pullampara__Thiruvananthapuram,27659754.062465504
69,Vamanpuram__Thiruvananthapuram,21568327.09269978
70,Azhoor__Thiruvananthapuram,12820945.609852357
71,Neyyattinkara(M)__Thiruvananthapuram,28695204.854158774
72,Vithura__Thiruvananthapuram,123657186.52562909
73,Attingal(M)__Thiruvananthapuram,17647829.14555208
74,Andoorkonam__Thiruvananthapuram,14115811.936872646
75,Thiruvananthapuram(C)__Thiruvananthapuram,213182504.5383867
76,Amboori__Thiruvananthapuram,29207705.03952633
77,Kummil__Kollam,18223322.683898013
78,Poothakulam__Kollam,16429159.179135412
79,Nilamel__Kollam,14103520.329399655
80,Paravoor(M)__Kollam,19883922.17804737
81,Chirakkara__Kollam,13151949.943431895
82,Chithara__Kollam,58191092.64388168
83,Kadakkal__Kollam,31048767.880082447
84,Kalluvathukkal__Kollam,36994203.122732975
85,Mayyanad__Kollam,18850279.17891603
86,Chathanoor__Kollam,16378896.476002606
87,Chadayamangalam__Kollam,28455540.626149215
88,Adichanalloor__Kollam,24267597.87998879
89,Velinalloor__Kollam,25213161.438813422
90,Ittiva__Kollam,42125521.26304899
91,Pooyappalli__Kollam,22137690.23130567
92,Thrikkovilvattom__Kollam,18358434.983926542
93,Alayamon__Kollam,59661084.99708021
94,Kollam(C)__Kollam,71848255.92032935
95,Elamadu__Kollam,30303818.697046235
96,Kottankara__Kollam,13662636.081311226
97,Nedumpana__Kollam,24902398.497001022
98,Elampalloor__Kollam,11614322.240640996
99,Neendakara__Kollam,5836130.935926613
100,Kareepra__Kollam,23141583.1093308
101,Veliyam__Kollam,30006655.04811138
102,Anchal__Kollam,24718049.609165866
103,Thrikkaruva__Kollam,17566268.775316432
104,Ummannoor__Kollam,34585013.293894514
105,Edamulakkal__Kollam,39380969.67826721
106,Perinadu__Kollam,15435394.516509896
107,Panayam__Kollam,10304400.354293453
108,Thekkumbhagam__Kollam,14283915.151233813
109,Kulathupuzha__Kollam,405877178.94287187
110,Eroor__Kollam,43632944.04268911
111,Chavara__Kollam,13242936.119420446
112,Kundara__Kollam,11655027.07452522
113,Perayam__Kollam,15894892.505742598
114,Ezhukone__Kollam,16069191.984673448
115,Muntrothuruthu__Kollam,13287318.911753528
116,Karavaloor__Kollam,24087924.50758492
117,Vettikkavala__Kollam,35814956.67164678
118,Kottarakkara(M)__Kollam,17650551.55270635
119,Melila__Kollam,18518907.338614263
120,East Kallada__Kollam,13350396.675074084
121,Thevalakkara__Kollam,17160244.263656225
122,West Kallada__Kollam,14045612.57299291
123,Neduvathoor__Kollam,23654969.02520458
124,Panmana__Kollam,17907645.70999986
125,Pavithreswaram__Kollam,25401965.208142836
126,Mynagappally__Kollam,20085140.6931411
127,Mylam__Kollam,25410811.060074974
128,Sasthamkotta__Kollam,23514861.413949832
129,Karunagappally(M)__Kollam,17855140.5739857
130,Thalavoor__Kollam,33582555.56478667
131,Kulakkada__Kollam,29987814.45573684
132,Pattazhi__Kollam,19072501.40515136
133,Kunnathur__Kollam,21400146.054928157
134,Sooranadu South__Kollam,17100154.509722505
135,Thodiyoor__Kollam,20841730.639808416
136,Aryankavu__Kollam,180025061.7744464
137,Kulasekharapuram__Kollam,17142134.566059858
138,Pattazhi Vadakkekkara__Kollam,20647207.99483484
139,Poruvazhy__Kollam,19331429.19240476
140,Clappana__Kollam,10341746.71767956
141,Thenmala__Kollam,157029990.0901142
142,Alappad__Kollam,6759330.926296971
143,Thazhava__Kollam,23726150.481020726
144,Ochira__Kollam,13107635.379267458
145,Sooranadu North__Kollam,22604271.52076979
146,Piravanthoor__Kollam,131542514.59878628
147,Vilakudi__Kollam,21034858.554135043
148,Punaloor(M)__Kollam,34463216.89821875
149,Pathanapuram__Kollam,37337220.4135274
150,Adoor(M)__Pathanamthitta,20832355.472421452
151,Aranmula__Pathanamthitta,23530456.260617405
152,Aruvappulam__Pathanamthitta,455275057.4193636
153,Ayiroor__Pathanamthitta,25252221.739526607
154,Chenneerkara__Pathanamthitta,19445830.333055545
155,Cherukol__Pathanamthitta,16130248.076361869
156,Chittar__Pathanamthitta,128167841.28585953
157,Enadimangalam__Pathanamthitta,30633122.558465835
158,Erathu__Pathanamthitta,21837336.531665407
159,Eraviperoor__Pathanamthitta,21630362.563928887
160,Ezhumattoor__Pathanamthitta,22086657.374502536
161,Ezhamkulam__Pathanamthitta,30447205.13850932
162,Elanthoor__Pathanamthitta,15130086.80979326
163,Kadampanadu__Pathanamthitta,34265745.83675523
164,Kadapra__Pathanamthitta,16819150.60073991
165,Kalanjoor__Pathanamthitta,55554213.05713658
166,Kallooppara__Pathanamthitta,17298696.187597718
167,Kaviyoor__Pathanamthitta,13317239.48577643
168,Kodumon__Pathanamthitta,46383758.88532404
169,Koipram__Pathanamthitta,22812511.552511677
170,Konni__Pathanamthitta,32515939.909051705
171,Kottanadu__Pathanamthitta,23192076.899661638
172,Kottangal__Pathanamthitta,23608686.991106622
173,Kozhancherry__Pathanamthitta,9625560.017675305
174,Kulanada__Pathanamthitta,20136041.90327361
175,Kunnamthanam__Pathanamthitta,17375208.368740693
176,Kuttoor__Pathanamthitta,9786904.475361353
177,Malayalappuzha__Pathanamthitta,24552389.56900054
178,Mallappuzhassery__Pathanamthitta,11029838.345514117
179,Mezhuveli__Pathanamthitta,16079861.975153578
180,Mylapra__Pathanamthitta,11182559.138657073
181,Naranammoozhi__Pathanamthitta,19216343.978775296
182,Naranganam__Pathanamthitta,20602348.740806207
183,Nedumpram__Pathanamthitta,8257024.355387567
184,Niranam__Pathanamthitta,10924490.295236355
185,Omalloor__Pathanamthitta,14571671.824641641
186,Pallikkal__Pathanamthitta,30872553.133504767
187,Pandalam Thekkekara__Pathanamthitta,19333709.783295184
188,Pandalam(M)__Pathanamthitta,28826062.818171255
189,Pathanamthitta(M)__Pathanamthitta,28044684.023453776
190,Peringara__Pathanamthitta,20497100.849723816
191,Pramadam__Pathanamthitta,38126767.27431313
192,Puramattom__Pathanamthitta,13998379.252222525
193,Ranni__Pathanamthitta,14247679.947161183
194,Ranni Angadi__Pathanamthitta,20892175.014774304
195,Ranni Pazhavangadi__Pathanamthitta,37703655.3135543
196,Ranni Perunnadu__Pathanamthitta,48539564.30737979
197,Seethathodu__Pathanamthitta,690790517.2904912
198,Thannithode__Pathanamthitta,150726810.6100399
199,Thiruvalla(M)__Pathanamthitta,25714696.387735598
200,Thottapuzhassery__Pathanamthitta,15283716.473449666
201,Thumpamon__Pathanamthitta,7482828.172075958
202,Vadasserikkara__Pathanamthitta,57570332.278134264
203,Vallikkode__Pathanamthitta,18538246.18584496
204,Vechuchira__Pathanamthitta,34195451.57157753
205,Mallappalli__Pathanamthitta,20170782.88259009
206,Anikkad__Pathanamthitta,19345642.305808973
207,Edathwa__Alappuzha,21920484.98600773
208,Mannancherry__Alappuzha,37828580.49475605
209,Alappuzha(M)__Alappuzha,45184310.550207324
210,Purakkad__Alappuzha,23439031.521779105
211,Pulinkunnu__Alappuzha,33341319.427378852
212,Cheruthana__Alappuzha,14559067.196966706
213,Pattanakkad__Alappuzha,15817943.749522679
214,Chennam Pallipuram__Alappuzha,26356598.717850924
215,Mavelikkara(M)__Alappuzha,14194398.539241765
216,Chengannur(M)__Alappuzha,12735818.020864125
217,Pathiyoor__Alappuzha,15236223.032261755
218,Thanneermukkam__Alappuzha,34585525.49450878
219,Kayamkulam(M)__Alappuzha,21396396.544948783
220,Palamel__Alappuzha,26338494.582770545
221,MavelikkaraThekkekara__Alappuzha,20481425.877116483
222,Muhamma__Alappuzha,27296890.795855507
223,Mannar__Alappuzha,15232904.2644465
224,ChennithalaThriperunthura__Alappuzha,22140059.87685463
225,Chettikulangara__Alappuzha,20833831.983382303
226,Thazhakkara__Alappuzha,22545347.76691031
227,Thiruvanvandoor__Alappuzha,9511355.937559929
228,Pandanadu__Alappuzha,11210790.349794999
229,Budhannur__Alappuzha,15781989.367237922
230,Puliyoor__Alappuzha,11744743.186124802
231,Cheriyanad__Alappuzha,14465750.30659436
232,Ala__Alappuzha,10964254.764666947
233,Venmony__Alappuzha,18162429.298046
234,Bharanikavu__Alappuzha,23491305.64196151
235,Vallikunnam__Alappuzha,21691294.733944405
236,MavelikkaraThamarakulam__Alappuzha,21251371.326229956
237,Chunakkara__Alappuzha,16791652.283915464
238,Nooranadu__Alappuzha,21293654.941082317
239,Arattupuzha__Alappuzha,20946104.205620278
240,Chingoli__Alappuzha,6704267.068356167
241,Cheppad__Alappuzha,12772181.60372882
242,Devikulangara__Alappuzha,15655677.536448108
243,Kandalloor__Alappuzha,9739648.975714035
244,Muthukulam__Alappuzha,11788682.057146935
245,Karuvatta__Alappuzha,18114503.824079886
246,Thrikkunnapuzha__Alappuzha,12029805.878853293
247,Kumarapuram__Alappuzha,11122495.7347408
248,Karthikapalli__Alappuzha,7255322.84751589
249,Pallipad__Alappuzha,16052115.648318136
250,Veeyapuram__Alappuzha,13930168.94223269
251,Harippad(M)__Alappuzha,13667199.925015489
252,Punnapra South__Alappuzha,10898919.560813269
253,Ambalappuzha North__Alappuzha,12392183.389118355
254,Ambalappuzha South__Alappuzha,12354083.549178874
255,Neelamperoor__Alappuzha,21674365.93162359
256,Veliyanad__Alappuzha,18299524.788450226
257,Kavalam__Alappuzha,42834093.81052678
258,Muttar__Alappuzha,10388275.916032141
259,Kainakari__Alappuzha,47321338.666457534
260,Nedumudi__Alappuzha,27384991.80148677
261,Champakkulam__Alappuzha,23316127.46390781
262,Thakazhi__Alappuzha,28666747.271153986
263,Thalavadi__Alappuzha,15942372.438686114
264,Kadakkarapalli__Alappuzha,9240461.22998988
265,Cherthala South__Alappuzha,18893005.950964976
266,Kanjikkuzhi__Alappuzha,12949217.68307034
267,Mararikulam North__Alappuzha,18389601.413943656
268,Aroor__Alappuzha,14195370.513794055
269,Ezhupunna__Alappuzha,14903566.908078508
270,Kodamthuruthu__Alappuzha,12267901.854674833
271,Kuthiyathodu__Alappuzha,8543951.813100563
272,Thuravoor__Alappuzha,19164161.985177066
273,Vayalar__Alappuzha,14337631.82654992
274,Perumpalam__Alappuzha,14624658.123125177
275,Arukutty__Alappuzha,12615447.739510944
276,Panavally__Alappuzha,19022894.833105348
277,Thaikattussery__Alappuzha,14144846.956176322
278,Ramankari__Alappuzha,17133545.346997198
279,Mararikulam South__Alappuzha,19955349.734434623
280,Cherthala (M)__Alappuzha,18611622.99267946
281,Aryad__Alappuzha,6693454.860920762
282,Mulakuzha__Alappuzha,23261626.446624298
283,Krishnapuram__Alappuzha,10057485.240955498
284,Aymanam__Kottayam,30259275.385993533
285,Akalakunnam__Kottayam,35029738.68570554
286,Athirampuzha__Kottayam,20568552.28304537
287,Ayarkunnam__Kottayam,28679636.39279091
288,Bharananganam__Kottayam,27158649.82312397
289,Erumeli__Kottayam,88465206.76140387
290,Kadanad__Kottayam,39798391.7069478
291,Kaduthuruthy__Kottayam,34132065.38581602
292,Kanakari__Kottayam,23446235.46654015
293,Kangazha__Kottayam,25238874.50423448
294,Kanjirapally__Kottayam,50629977.74248818
295,Karoor__Kottayam,36494867.93009627
296,Karukachal__Kottayam,22695874.575609416
297,Kidangoor__Kottayam,23306585.08788473
298,Kooroppada__Kottayam,27490453.15976265
299,Kozhuvanal__Kottayam,21374831.99787312
300,Kumarakom__Kottayam,51072107.48350665
301,Kuravilangad__Kottayam,23176275.0017018
302,Kurichi__Kottayam,16479996.76575753
303,Madapally__Kottayam,24159756.111428257
304,Manjoor__Kottayam,29209038.112166148
305,Marangattupilly__Kottayam,30914925.41923672
306,Meenachil__Kottayam,28724611.955687612
307,Meenadam__Kottayam,11240149.595982462
308,Mundakkayam__Kottayam,45671791.50991488
309,Nedumkunnam__Kottayam,23912362.53582925
310,Pallikkathodu__Kottayam,23622722.639044497
311,Pampadi__Kottayam,30201948.963054184
312,Payippad__Kottayam,20206465.913363203
313,Thalanad__Kottayam,33790857.91728792
314,Thalappalam__Kottayam,23085660.16281943
315,Theekoyi__Kottayam,34797070.82445395
316,Thiruvarppu__Kottayam,33401673.14320973
317,Thrikodithanam__Kottayam,11667968.257769702
318,TV Puram__Kottayam,14450719.027957756
319,Udayanapuram__Kottayam,18736690.126951326
320,Uzhavoor__Kottayam,25251278.74206868
321,Vakathanam__Kottayam,26350654.69736532
322,Vazhappally__Kottayam,24253577.745594364
323,Vazhoor__Kottayam,30786698.98578233
324,Vechoor__Kottayam,30164730.965925172
325,Veliyannoor__Kottayam,19162228.68358127
326,Vellavoor__Kottayam,23472274.854874
327,Vijayapuram__Kottayam,15153533.324300492
328,Arpookkara__Kottayam,28309795.16333616
329,Panachikkad__Kottayam,22880065.543533698
330,Manimala__Kottayam,36992500.51137443
331,Maravanthuruth__Kottayam,16065279.596775552
332,Chirakadav__Kottayam,39345978.39279471
333,Elikkulam__Kottayam,40301323.53985509
334,Erattupetta(M)__Kottayam,7384781.546350187
335,Ettumanoor(M)__Kottayam,27475490.153415978
336,Koottikkal__Kottayam,43590299.33341991
337,Koruthodu__Kottayam,28882192.280938
338,Manarkadu__Kottayam,17407189.56081968
339,Melukavu__Kottayam,27770909.574918423
340,Mulakulam__Kottayam,29433532.817586586
341,Moonnilavu__Kottayam,34874607.68415608
342,Mutholi__Kottayam,19035801.289826054
343,Parathodu__Kottayam,56472798.425757274
344,Poonjar__Kottayam,18332504.121074222
345,Poonjar Thekkekara__Kottayam,53329255.56360986
346,Puthupalli__Kottayam,22614677.166684747
347,Thidanad__Kottayam,42238217.816727184
348,Vaikom(M)__Kottayam,12718520.950151391
349,Kallara (Vaikom)__Kottayam,27896270.625465922
350,Thalayazham__Kottayam,21011962.26564115
351,Kottayam(M)__Kottayam,56077650.52561904
352,Njeezhoor__Kottayam,29260059.461774636
353,Velloor__Kottayam,19097667.62317436
354,Thalayolaparambu__Kottayam,20078577.602782454
355,Changanassery(M)__Kottayam,14231027.748349324
356,Pala(M)__Kottayam,16390402.830770576
357,Neendoor__Kottayam,21092047.58751
358,Kadaplamattam__Kottayam,21701792.13458029
359,Chempu__Kottayam,19294838.87466503
360,Ramapuram__Kottayam,52926122.287779436
361,Arakkuzha__Ernakulam,29659171.16785016
362,Ayavana__Ernakulam,29186499.295525543
363,Aiykkaranadu__Ernakulam,25398307.555792943
364,Alangad__Ernakulam,18913219.504718337
365,Aluva(M)__Ernakulam,6636155.15991028
366,Amballur__Ernakulam,22878979.143546913
367,Angamali(M)__Ernakulam,20971460.54710867
368,Asamannur__Ernakulam,21279916.001354337
369,Avoly__Ernakulam,19549333.14721361
370,Ayyampuzha__Ernakulam,246868936.1745404
371,Chellanam__Ernakulam,24981295.445678037
372,Chendamangalam__Ernakulam,11177019.068574602
373,Chengamanadu__Ernakulam,16661736.545631405
374,Cheranallur__Ernakulam,4300465.743911572
375,Chittattukara__Ernakulam,9717589.177162912
376,Choornikkara__Ernakulam,7847583.169611559
377,Chottanikara__Ernakulam,12400701.689906888
378,Edakkattuvayal__Ernakulam,26041921.855799332
379,Edathala__Ernakulam,19177624.843697436
380,Edavavanakad__Ernakulam,10857228.526383266
381,Elanji__Ernakulam,30159108.791839294
382,Elankunnapuzha__Ernakulam,17814509.650427677
383,Eloor(M)__Ernakulam,13558704.003911752
384,Ezhikkara__Ernakulam,15772736.234641118
385,Kadamakkudy__Ernakulam,17939596.67646165
386,Kadungalloor__Ernakulam,17313667.287570294
387,Kalady__Ernakulam,16596190.280864751
388,Kalamasseri(M)__Ernakulam,39416517.36123351
389,Kalloorkkad__Ernakulam,24249982.60741575
390,Kanjoor__Ernakulam,13966925.908655996
391,Karukutty__Ernakulam,29206578.9577231
392,Karumaloor__Ernakulam,20651038.84023303
393,Kavalangad__Ernakulam,70114323.81801584
394,Keerampara__Ernakulam,37478981.5974644
395,Keezhmadu__Ernakulam,17429527.955620497
396,Kizhakkambalam__Ernakulam,31411203.33437707
397,Kochi(C)__Ernakulam,97705864.80976039
398,Koothattukulam(M)__Ernakulam,22871365.714037944
399,Koovappady__Ernakulam,31864131.600653492
400,Kothamangalam(M)__Ernakulam,39548862.07556917
401,Kottappady__Ernakulam,32281132.358984224
402,Kottuvally__Ernakulam,20173011.470145736
403,Kumbalam__Ernakulam,20577375.84196473
404,Kumbalangy__Ernakulam,8190336.321995097
405,Kunnathunad__Ernakulam,27412389.485119745
406,Kunnukara__Ernakulam,19918711.357222315
407,Kuttampuzha__Ernakulam,491273225.04967403
408,Kuzhuppilly__Ernakulam,6337267.789283144
409,Malayattoor Neeleeswaram__Ernakulam,33830576.75288564
410,Maneedu__Ernakulam,26428166.34512647
411,Manjallur__Ernakulam,22311999.882388625
412,Manjapra__Ernakulam,10892656.085545551
413,Marad(M)__Ernakulam,12460234.162649332
414,Marady__Ernakulam,21444546.745878007
415,Mazhuvannur__Ernakulam,49200213.737823576
416,Mookkannoor__Ernakulam,22970993.39075346
417,Mudakkuzha__Ernakulam,21800102.410763025
418,Mulanthuruthy__Ernakulam,21411974.471931577
419,Mulavukadu__Ernakulam,16689123.772611404
420,Muvattupuzha(M)__Ernakulam,11525388.178998804
421,Nayarambalam__Ernakulam,13203465.36343267
422,Nedumbassery__Ernakulam,22870381.95211493
423,Nellikuzhy__Ernakulam,25872459.07301411
424,Njarakkal__Ernakulam,8202275.898356127
425,Okkal__Ernakulam,13214034.49024243
426,Paingottoor__Ernakulam,31042717.81743875
427,Payipra__Ernakulam,33742887.85476815
428,Palakuzha__Ernakulam,22649416.27689557
429,Pallarimangalam__Ernakulam,12755703.366994547
430,Pallippuram__Ernakulam,14305416.131197747
431,Pampakkuda__Ernakulam,28923384.65769513
432,Parakkadavu__Ernakulam,24558649.37200872
433,North Paravoor(M)__Ernakulam,8549172.691028198
434,Perumbavoor(M)__Ernakulam,11486161.802912345
435,Pindimana__Ernakulam,24752376.186174084
436,Piravom(M)__Ernakulam,29538076.782582097
437,Poothrika__Ernakulam,26615088.45939684
438,Pothanikkad__Ernakulam,18932330.296553586
439,Puthenvelikara__Ernakulam,19227268.396975487
440,Ramamangalam__Ernakulam,23081230.069352064
441,Rayamangalam__Ernakulam,36783380.90810837
442,Sreemoolanagaram__Ernakulam,14546008.239564536
443,Thirumaradi__Ernakulam,31170848.87238344
444,Thiruvaniyoor__Ernakulam,25422989.075582728
445,Thrikkakkara(M)__Ernakulam,15573176.327663539
446,Thrippunithura(M)__Ernakulam,29618372.473782882
447,Thuravoor__Ernakulam,16373842.71251901
448,Udayamperoor__Ernakulam,25891036.13196455
449,Vadakkekara__Ernakulam,10388128.435580393
450,Vadavucode Puthenkurissu__Ernakulam,33104403.932623576
451,Valakom__Ernakulam,24671153.322914746
452,Varapetty__Ernakulam,21522323.602181282
453,Varapuzha__Ernakulam,9692881.702993557
454,Vazhakkulam__Ernakulam,20110162.893581595
455,Vengola__Ernakulam,35700252.451505154
456,Vengoor__Ernakulam,53705591.93737449
457,Chelakkara__Thrissur,60356039.78197822
458,Eriyad__Thrissur,15291377.226443209
459,Edavilangadu__Thrissur,7282959.929324768
460,Kodungalloor(M)__Thrissur,29676944.672542352
461,Mathilakam__Thrissur,13276333.917053191
462,Sreenarayanapuram__Thrissur,18991826.345897865
463,Perinjanam__Thrissur,9238231.648043357
464,Kaipamangalam__Thrissur,14231783.318117077
465,Edathiruthy__Thrissur,16381529.004473887
466,Thannyam__Thrissur,18105829.02578257
467,Valappad__Thrissur,17313078.176522408
468,Thalikkulam__Thrissur,11088776.80156512
469,Vadanappilly__Thrissur,13134656.94078495
470,Engandiyoor__Thrissur,16318701.662435275
471,Chavakkad(M)__Thrissur,13088836.44719417
472,Punnayoorkkulam__Thrissur,19713420.72956955
473,Vadakkekkadu__Thrissur,13146095.141300013
474,Guruvayur(M)__Thrissur,29421438.151241735
475,Kunnamkulam(M)__Thrissur,19683261.221995458
476,Kattakambal__Thrissur,16313821.215540394
477,Kadavalloor__Thrissur,24695680.067447968
478,Porkkulam__Thrissur,14067994.799419591
479,Chowannoor__Thrissur,18922700.15120397
480,Orumanayoor__Thrissur,5206882.734273629
481,Mullasseri__Thrissur,17803257.98942867
482,Pavaratty__Thrissur,9886002.498515286
483,Elavally__Thrissur,16698318.259031301
484,Kaiparambu__Thrissur,21242129.429995783
485,Kuzhur__Thrissur,19574491.41348645
486,Poyya__Thrissur,19448579.5629796
487,Puthenchira__Thrissur,21540992.487402763
488,Annamanada__Thrissur,24575833.66368669
489,Kadukutty__Thrissur,17022807.77891427
490,Koratty__Thrissur,23499227.184527595
491,Pariyaram__Thrissur,28978847.27614313
492,Athirappilli__Thrissur,348590041.0013147
493,Muriyad__Thrissur,22083883.223630656
494,Chalakkudi(M)__Thrissur,25036310.54073413
495,Kodassery__Thrissur,48938283.779096015
496,Mattathoor__Thrissur,208098560.9962334
497,Mala__Thrissur,28657332.672076203
498,Aloor__Thrissur,36036308.84651602
499,Vellangalloor__Thrissur,26534678.11392588
500,Poomangalam__Thrissur,8933730.269090459
501,Padiyoor__Thrissur,18471301.174199652
502,Kattoor__Thrissur,12043088.379811537
503,Karalam__Thrissur,21530256.9565994
504,Cherppu__Thrissur,20838895.239731446
505,Paralam__Thrissur,17359039.240514185
506,Chazhoor__Thrissur,25313996.173575766
507,Anthikkad__Thrissur,13054370.953642339
508,Velookkara__Thrissur,35120141.33635579
509,Iringalakkuda(M)__Thrissur,22505643.526751533
510,Parappukkara__Thrissur,21175915.67120766
511,Nenmanikkara__Thrissur,11996378.836898748
512,Puthukkad__Thrissur,15527551.225337535
513,Varantharappilli__Thrissur,170491867.6577537
514,Thrikoor__Thrissur,25596405.703764886
515,Vallachira__Thrissur,10084316.274120403
516,Avinisseri__Thrissur,8070769.341549373
517,Puttoor__Thrissur,87512030.95446938
518,Alagappa Nagar__Thrissur,17522770.580290154
519,Nadathara__Thrissur,20252580.110560875
520,Adat__Thrissur,23793557.797962386
521,Thrissur(C)__Thrissur,101539858.09909251
522,Madakkathara__Thrissur,28495924.097782794
523,Veloor__Thrissur,28350856.842576034
524,Kadangode__Thrissur,32550750.68950278
525,Erumapetty__Thrissur,33598777.152036384
526,Desamangalam__Thrissur,22524670.87616627
527,Varavoor__Thrissur,30923335.338383354
528,Mulloorkkara__Thrissur,42157417.9240222
529,Vadakkancherri(M)__Thrissur,51952663.0741848
530,Mulankunnathukavu__Thrissur,20364286.30602768
531,Panancheri__Thrissur,110179544.7450002
532,Thekkumkara__Thrissur,39966597.79705454
533,Pazhayannoor__Thrissur,135353361.79220304
534,Thiruvilwamala__Thrissur,38062602.71336373
535,Kondazhy__Thrissur,30310406.032609932
536,Vallathol Nagar__Thrissur,18942790.937932134
537,Panjal__Thrissur,29293262.05874165
538,Kandanasseri__Thrissur,15439654.308821248
539,Tholoor__Thrissur,16171881.643420056
540,Avanoor__Thrissur,18200720.300376013
541,Arimpoor__Thrissur,22971948.148566946
542,Kolazhi__Thrissur,16740525.576512659
543,Choondal__Thrissur,20331397.926335882
544,Punnayoor__Thrissur,17452301.190024413
545,Kadappuram__Thrissur,10535495.322530841
546,Nattika__Thrissur,9341639.323901214
547,Kodakara__Thrissur,21516206.328855664
548,Manaloor__Thrissur,17962375.50537234
549,Meloor__Thrissur,23403929.722036883
550,Venkidangu__Thrissur,20721024.767422047
551,Kulukkalloor__Palakkad,21885118.520650588
552,Kizhakkanchery__Palakkad,111526081.19407363
553,Sholayur__Palakkad,195674926.02935553
554,Puthur__Palakkad,375213657.53397316
555,Kottoppadam__Palakkad,77230669.78019013
556,Malampuzha__Palakkad,134943166.08851713
557,Vandazhi__Palakkad,58404967.26917075
558,Ayiloor__Palakkad,40251036.05641666
559,Nelliyampathi__Palakkad,530958065.1959971
560,Elavancheri__Palakkad,32626695.83913506
561,Nenmara__Palakkad,34262018.429944806
562,Kuthannoor__Palakkad,35616436.59648257
563,Perumatti__Palakkad,60147425.90832866
564,Pallasana__Palakkad,29447150.658123482
565,Koduvayoor__Palakkad,20777123.917912982
566,Puthunagaram__Palakkad,9860754.24129583
567,Peruvembu__Palakkad,19620409.32369966
568,Kodumbu__Palakkad,22982736.532090344
569,Thenkurissi__Palakkad,30226516.947400004
570,Kannadi__Palakkad,22668388.161438078
571,Mathur__Palakkad,25358388.619855423
572,Alathur__Palakkad,19621649.55791444
573,Melarcode__Palakkad,25498323.108268455
574,Kavassery__Palakkad,30920119.55001157
575,Tharur__Palakkad,34069724.98227553
576,Peringottukurissi__Palakkad,31570421.414967913
577,Erimayur__Palakkad,33993573.94635032
578,Kuzhalmannam__Palakkad,30992754.17315707
579,Kottayi__Palakkad,20429397.529462848
580,Chittoor-Thathamangalam(M)__Palakkad,15012337.992537687
581,Polpulli__Palakkad,19939294.851957113
582,Nalleppilli__Palakkad,39195601.012475744
583,Eruthempathi__Palakkad,37101251.025022976
584,Vadakarapathy__Palakkad,49486971.209941275
585,Elappulli__Palakkad,48407017.8972511
586,Puthusseri__Palakkad,113116471.45016237
587,Marutharoad__Palakkad,16079367.38462019
588,Palakkad(M)__Palakkad,27071673.971396886
589,Parali__Palakkad,29148137.62390892
590,Mundoor__Palakkad,31818090.302341323
591,Karimba__Palakkad,73563542.04178724
592,Thenkara__Palakkad,53900654.33872294
593,Agali__Palakkad,159338198.12757832
594,Pirayiri__Palakkad,18679540.949444994
595,Puthupariyaram__Palakkad,78907730.79574567
596,Mankara__Palakkad,19607876.91139977
597,Kongadu__Palakkad,36845578.53234894
598,Vadakkancherri__Palakkad,35334605.436378
599,Kannambra__Palakkad,32145116.452749338
600,Puthukkode__Palakkad,16563854.735584226
601,Shornur(M)__Palakkad,31845678.435045622
602,Vaniyamkulam__Palakkad,33732751.6461894
603,Ananganadi__Palakkad,18117362.48016337
604,Pookkottukavu__Palakkad,21482660.401712302
605,Trikkadeeri__Palakkad,26838881.84902363
606,Nellaya__Palakkad,26755299.954916447
607,Chalavara__Palakkad,30960360.54690393
608,Cherppulassery (M)__Palakkad,27464510.865049466
609,Vellinezhi__Palakkad,26403162.96634473
610,Sreekrishnapuram__Palakkad,30257470.094573062
611,Karimpuzha__Palakkad,48435020.34996687
612,Kanjirappuzha__Palakkad,57236561.84988031
613,Karakurissi__Palakkad,28697786.48589322
614,Mannarkkad(M)__Palakkad,15417641.28905624
615,Kumaramputhoor__Palakkad,36042849.603726454
616,Alanalloor__Palakkad,58831727.70037757
617,Lekkidiperoor__Palakkad,30854623.24925646
618,Mannoor__Palakkad,17696724.268505078
619,Keralassery__Palakkad,24841693.790958278
620,Ambalappara__Palakkad,52155926.19550076
621,Thachanattukara__Palakkad,35183916.16039167
622,Anakkara__Palakkad,21638205.74721974
623,Kappur__Palakkad,23219779.588669438
624,Chalissery__Palakkad,19076969.231907647
625,Pattithara__Palakkad,26854013.731869064
626,Paruthoor__Palakkad,20866835.155519456
627,Thrithala__Palakkad,21343697.49779142
628,Nagalasserry__Palakkad,26931875.654551804
629,Thirumittakode__Palakkad,33181769.36646076
630,Muthuthala__Palakkad,19687717.672126785
631,Pattambi (M)__Palakkad,16912395.36795787
632,Thiruvengappura__Palakkad,20544144.785885062
633,Ongalloor__Palakkad,32182431.016524848
634,Koppam__Palakkad,26142037.967041522
635,Vilayoor__Palakkad,18259218.29785691
636,Vallappuzha__Palakkad,21839032.439184267
637,Pattancherry__Palakkad,31131506.16009912
638,Ottappalam(M)__Palakkad,32714399.753176518
639,Thachampara__Palakkad,46628645.161627784
640,Kozhinjampara__Palakkad,43457860.56801769
641,Muthalamada__Palakkad,109952357.59700157
642,Kadampazhippuram__Palakkad,38534939.33378756
643,Vadavannoor__Palakkad,16560220.206431367
644,Kollengodu__Palakkad,42619410.12993872
645,Pothukallu__Malappuram,177389816.61813593
646,Perumpadappu__Malappuram,14906680.416987602
647,Veliyamcod__Malappuram,14464048.852497002
648,Nannammukku__Malappuram,19982262.018959917
649,Marancherri__Malappuram,20102293.53470453
650,Edappal__Malappuram,23904528.208840493
651,Alamkod__Malappuram,20235137.3259941
652,Vattamkulam__Malappuram,20741846.727939423
653,Aliparambu__Malappuram,35206685.59804806
654,Thazhekkod__Malappuram,41480282.48868111
655,Elamkulam__Malappuram,21623806.09818808
656,Angadippuram__Malappuram,37233816.359552965
657,Perinthalmanna(M)__Malappuram,38294881.07126884
658,Pulamanthol__Malappuram,31975680.982445017
659,Moorkanad__Malappuram,30460912.109729994
660,Irimbiliyam__Malappuram,24067537.8614543
661,Valancherri(M)__Malappuram,22370692.99061353
662,Edayoor__Malappuram,30251629.519138552
663,Thirurangadi(M)__Malappuram,17622554.513584442
664,Vallikunnu__Malappuram,23589713.09388264
665,Munniyoor__Malappuram,22121393.179331046
666,ARNagar__Malappuram,15212980.236471739
667,Peruvalloor__Malappuram,18908027.727501698
668,Parappur__Malappuram,15091081.883953532
669,Vengara__Malappuram,19120350.55457758
670,Athavanad__Malappuram,26848831.618067723
671,Marakkara__Malappuram,27850603.25880638
672,Kuruva__Malappuram,34871756.610856354
673,Ponmala__Malappuram,21553737.350938
674,Ponnani(M)__Malappuram,24799042.047744308
675,Kalady__Malappuram,13503448.477056658
676,Purathur__Malappuram,18969782.48582812
677,Thriprangod__Malappuram,21466095.757576957
678,Thirunavaya__Malappuram,19804719.72363298
679,Mangalam__Malappuram,12537117.15098878
680,Niramaruthoor__Malappuram,9474902.811723782
681,Vettom__Malappuram,16759503.08376938
682,Thirur(M)__Malappuram,17282228.617804237
683,Cheriyamundam__Malappuram,11630647.765064994
684,Thalakkad__Malappuram,15052854.307055714
685,Perumannaklari__Malappuram,12273905.032405375
686,Valavannoor__Malappuram,15047295.937788397
687,Kalpakamcherri__Malappuram,15234911.883136313
688,Kottakkal(M)__Malappuram,20381718.683709193
689,Edarikkod__Malappuram,12399994.554006323
690,Thanalur__Malappuram,15165810.624793526
691,Parappanangadi(M)__Malappuram,22880492.300165802
692,Nannambra__Malappuram,18552323.015937883
693,Thennala__Malappuram,10590133.163726563
694,Ponmundam__Malappuram,9282243.677862646
695,Ozhur__Malappuram,15983577.4592591
696,Thenjippalam__Malappuram,16462308.271138538
697,Chelambra__Malappuram,17205430.705401838
698,Kannamangalam__Malappuram,27795804.364720125
699,Pallikkal__Malappuram,27682546.446103748
700,Kondotty(M)__Malappuram,31595140.35667616
701,Pulikkal__Malappuram,28145864.154359765
702,Kuzhimanna__Malappuram,22101762.069775652
703,Muthuvalloor__Malappuram,11659966.293954981
704,Cherukavu__Malappuram,19063920.403352536
705,Vazhakkad__Malappuram,24401824.85199515
706,Edappatta__Malappuram,25772883.95655346
707,Vettathur__Malappuram,36382944.89422584
708,Edavanna__Malappuram,54842610.359114274
709,Poroor__Malappuram,34671561.99338849
710,Pandikkadu__Malappuram,57400464.94078399
711,Karuvarakundu__Malappuram,80501440.71154113
712,Chokkadu__Malappuram,66100403.98656116
713,Mambadu__Malappuram,83724198.72594517
714,Kodoor__Malappuram,18145375.80478395
715,Puzhakkattiri__Malappuram,23473056.98604379
716,Makkaraparambu__Malappuram,11459388.622042624
717,Keezhattur__Malappuram,40441981.21918972
718,Koottilangadi__Malappuram,21395993.34845187
719,Oorakam__Malappuram,22087514.88292961
720,Morayoor__Malappuram,23416470.484284848
721,Malappuram(M)__Malappuram,33111462.835556958
722,Pookkottur__Malappuram,21154942.38750869
723,Anakkayam__Malappuram,45142432.039382614
724,Manjeri(M)__Malappuram,52658136.9247497
725,Pulpatta__Malappuram,30364453.585406665
726,Cheekkod__Malappuram,30205079.83031133
727,Kavanoor__Malappuram,29600902.727949444
728,Keezhuparambu__Malappuram,14893667.326662045
729,Urangattiri__Malappuram,76249413.80393492
730,Moothedam__Malappuram,30208613.541506227
731,Vazhikkadavu__Malappuram,138541259.83823934
732,Chaliyar__Malappuram,37084633.8756029
733,Nilambur(M)__Malappuram,55625005.921799734
734,Amarambalam__Malappuram,134285263.62125084
735,Karulayi__Malappuram,230780633.70126376
736,Edakkara__Malappuram,30744990.434938796
737,Chungathara__Malappuram,114555737.00486295
738,Thuvvoor__Malappuram,32899103.206014056
739,Mankada__Malappuram,30547605.23749118
740,Melattur__Malappuram,26702567.323370747
741,Thrikkalangod__Malappuram,60592859.604478635
742,Thiruvaali__Malappuram,32262843.063248474
743,Kalikavu__Malappuram,48151873.65274532
744,Wandoor__Malappuram,45818434.86562144
745,Thanur(M)__Malappuram,20163402.019104622
746,Areekkod__Malappuram,17407081.66266464
747,Kuttippuram__Malappuram,30074433.707597565
748,Thavanoor__Malappuram,27262272.100709625
749,Vazhayoor__Malappuram,16563379.741798079
750,Othukkungal__Malappuram,17244696.33826476
751,Atholi__Kozhikode,21196709.414767522
752,Ayancheri__Kozhikode,20897933.54892863
753,Azhiyur__Kozhikode,9973209.340826627
754,Balusseri__Kozhikode,22300226.654628564
755,Changaroth__Kozhikode,30057197.86494383
756,Chathamangalam__Kozhikode,39926395.10867981
757,Chelannur__Kozhikode,23896430.097662117
758,Chemancherry__Kozhikode,17196646.243111946
759,Chengottukavu__Kozhikode,13754533.468844088
760,Cherode__Kozhikode,12933033.229339944
761,Cheruvannur__Kozhikode,21462136.066826787
762,Edacheri__Kozhikode,16302871.241863
763,Eramala__Kozhikode,19248824.49165151
764,Feroke(M)__Kozhikode,13229921.999253556
765,Kakkodi__Kozhikode,18514093.592926003
766,Kakkur__Kozhikode,20115327.619487293
767,Karassery__Kozhikode,36133488.0002326
768,Kavilumpara__Kozhikode,87748953.28803147
769,Kayakkodi__Kozhikode,28080375.69900536
770,Kayanna__Kozhikode,21138679.622052103
771,Keezhariyur__Kozhikode,13515568.348257286
772,Kizhakkoth__Kozhikode,20060085.120931637
773,Koduvalli(M)__Kozhikode,22268226.831560932
774,Koyilandi(M)__Kozhikode,29181737.05035122
775,Koodaranji__Kozhikode,69376833.89450732
776,Koothali__Kozhikode,17501099.99174276
777,Kottur__Kozhikode,31331098.866453145
778,Kunnummal__Kozhikode,10610297.680661777
779,Koorachundu__Kozhikode,114630549.97889793
780,Kuruvattur__Kozhikode,17859281.315373316
781,Madavoor__Kozhikode,19222346.10542081
782,Maniyur__Kozhikode,31094119.57163712
783,Maruthonkara__Kozhikode,23153202.06046191
784,Mavoor__Kozhikode,20572680.19199837
785,Meppayur__Kozhikode,23580359.666091617
786,Moodadi__Kozhikode,16503787.567275243
787,Mukkam(M)__Kozhikode,31498294.626025494
788,Nadapuram__Kozhikode,20158644.940463204
789,Naduvannur__Kozhikode,22649205.449586887
790,Nanmanda__Kozhikode,23082052.51853666
791,Narikkuni__Kozhikode,18294151.294212803
792,Narippatta__Kozhikode,50348201.39122356
793,Nochad__Kozhikode,23317781.12865498
794,Olavanna__Kozhikode,21014313.954952873
795,Omassery__Kozhikode,28990445.38181741
796,Onchiyam__Kozhikode,9126639.647775672
797,Panangad__Kozhikode,45295703.33013683
798,Perambra__Kozhikode,26556733.612014577
799,Perumanna__Kozhikode,16586855.791819936
800,Peruvayal__Kozhikode,23695332.776416764
801,Purameri__Kozhikode,20347900.090235926
802,Ramanattukara(M)__Kozhikode,11950102.706814967
803,Thalakulathur__Kozhikode,17594009.691272687
804,Thamarassery__Kozhikode,27802291.85430297
805,Thikkodi__Kozhikode,13972922.195446147
806,Thiruvallur__Kozhikode,27593134.776343554
807,Thuneri__Kozhikode,15430694.936180772
808,Thurayur__Kozhikode,10658189.33454791
809,Ulliyeri__Kozhikode,25612792.3141291
810,Unnikkulam__Kozhikode,37595978.8673745
811,Vadakara(M)__Kozhikode,21085758.080001224
812,Valayam__Kozhikode,23834298.054552127
813,Vanimal__Kozhikode,44388342.43054675
814,Velom__Kozhikode,25735527.814592157
815,Villiyappally__Kozhikode,17355801.712007344
816,Kutyadi__Kozhikode,15281924.809791164
817,Thiruvambadi__Kozhikode,74141897.65107687
818,Kodancheri__Kozhikode,120154410.97483493
819,Kattipara__Kozhikode,44556632.107776225
820,Arikkulam__Kozhikode,15569512.152545359
821,Chakkittapara__Kozhikode,102161257.60524878
822,Chekkyad__Kozhikode,24942979.486506384
823,Kodiyathur__Kozhikode,29608898.514490567
824,Kozhikkode(C)__Kozhikode,119440446.18142936
825,Payyoli(M)__Kozhikode,22620351.24186294
826,Kunnamangalam__Kozhikode,26706930.2932657
827,Kadalundi__Kozhikode,12539172.086231668
828,Puthuppadi__Kozhikode,61835735.01460844
829,Kottathara__Wayanad,32241028.82421892
830,Vengapalli__Wayanad,21394424.214945875
831,Padinjarathara__Wayanad,57782656.83657564
832,Thariyod__Wayanad,67898678.75236723
833,Muttil__Wayanad,45482865.57741345
834,Pozhuthana__Wayanad,70253993.94752474
835,Meppadi__Wayanad,134790270.6751894
836,Vythiri__Wayanad,49421241.875544354
837,Kalpatta(M)__Wayanad,38163927.99292244
838,Mupainad__Wayanad,62306815.495502666
839,Sulthan Bathery(M)__Wayanad,127871698.87305814
840,Mananthavady(M)__Wayanad,80685994.20085959
841,Noolpuzha__Wayanad,221368336.05573106
842,Meenangadi__Wayanad,53425373.03463108
843,Ambalavayal__Wayanad,61110135.83065704
844,Nenmeni__Wayanad,69773930.10872842
845,Pulpalli__Wayanad,80840317.73349094
846,Mullankolli__Wayanad,51307899.262637906
847,Panamaram__Wayanad,80528495.1007961
848,Kaniyampatta__Wayanad,38523017.76051135
849,Poothadi__Wayanad,99823229.96926032
850,Edavaka__Wayanad,47005867.90837488
851,Thondernadu__Wayanad,131054825.79537347
852,Thirunelli__Wayanad,201733849.12746984
853,Thavinjal__Wayanad,142047796.5102051
854,Vellamunda__Wayanad,64788856.55411276
855,Kolayad__Kannur,113999917.64768404
856,Ulikkal__Kannur,73603619.85116532
857,Payyavoor__Kannur,67191418.33712499
858,Eruvessi__Kannur,47818879.00222539
859,Malapattom__Kannur,19265631.71752022
860,Sreekandapuram(M)__Kannur,70146651.58201449
861,Naduvil__Kannur,80362968.18694872
862,Ramanthali__Kannur,30655005.366977707
863,Cherupuzha__Kannur,70701570.15209635
864,Pariyaram__Kannur,55340704.01701736
865,Mattool__Kannur,14434436.15016782
866,Madayi__Kannur,17772546.117252484
867,Ezhome__Kannur,19103568.338753626
868,Kunjimangalam__Kannur,15441893.893399099
869,Kadannapalli-Panapuzha__Kannur,51957831.537163235
870,Karivalloor-Peralam__Kannur,22909989.23666627
871,Payyannur(M)__Kannur,53454394.37692345
872,Kankole Alapadamba__Kannur,43083636.59372207
873,Eramam-Kuttoor__Kannur,76577061.23124945
874,Peringom-Vayakkara__Kannur,75845832.86928488
875,Alakode__Kannur,86948475.78114498
876,Chengalayi__Kannur,64189895.372682594
877,Chapparapadavu__Kannur,66025558.50220045
878,Kurumathur__Kannur,51703830.40164424
879,Pattuvam__Kannur,18330864.886329263
880,Anthoor(M)__Kannur,24516847.812182426
881,Kannapuram__Kannur,14300895.20585795
882,Cherukunnu__Kannur,15079686.995921224
883,Udayagiri__Kannur,58524896.311572924
884,Mayyil__Kannur,33471996.110752843
885,Irikkur__Kannur,11144756.514610827
886,Padiyoor__Kannur,55525961.41702637
887,Kottiyoor__Kannur,98701608.65368113
888,Kanichar__Kannur,39383735.915876746
889,Mattannoor(M)__Kannur,54047452.342189506
890,Muzhakkunnu__Kannur,31560772.306887403
891,Peravoor__Kannur,29783827.722046543
892,Aralam__Kannur,118101188.69964354
893,Ayyankunnu__Kannur,79772866.24388014
894,Payam__Kannur,51799356.95058008
895,Iritty(M)__Kannur,48317714.54905065
896,Thillankeri__Kannur,23072224.089670718
897,Muzhuppilangad__Kannur,8775426.38309981
898,Kalyasseri__Kannur,16650344.558108274
899,Pappinisseri__Kannur,14563590.68395115
900,Chirakkal__Kannur,13246842.06204422
901,Narath__Kannur,17271295.14174681
902,Kuttiatoor__Kannur,34699354.47943158
903,Kolacheri__Kannur,20877476.005459554
904,Valapattanam__Kannur,1977196.3147909024
905,Azheeikkode__Kannur,17714070.771621786
906,Peralasseri__Kannur,19362699.34435392
907,Dharmadom__Kannur,11083378.085505886
908,Kadamboor__Kannur,8917503.719115257
909,Chembilod__Kannur,20457605.18399634
910,Anjarakandi__Kannur,15471197.135061236
911,Munderi__Kannur,20547804.717223976
912,Koodali__Kannur,41366366.97303059
913,Keezhalloor__Kannur,28027867.09861587
914,Mangattidam__Kannur,32239902.994188234
915,Chittariparambu__Kannur,35266975.005468845
916,Vengad__Kannur,27919611.442695536
917,Pinarayi__Kannur,20123461.673654586
918,Cheruthazham__Kannur,32147207.135372408
919,New Mahe__Kannur,4695009.655621045
920,Panoor(M)__Kannur,29328597.4706601
921,Pannyannoor__Kannur,10076146.147889946
922,Thriprangottur__Kannur,32211095.595991272
923,Pattiom__Kannur,36500864.6301722
924,Mokeri__Kannur,10941286.448596418
925,Kuthuparambu(M)__Kannur,17398745.934858285
926,Kelakom__Kannur,38536056.425558925
927,Kunnothuparambu__Kannur,29641310.448049292
928,Thalasseri(M)__Kannur,24561689.79744903
929,Eranjoli__Kannur,10339584.06952461
930,Chokli__Kannur,11771071.706069745
931,Kottayam__Kannur,8501871.429557698
932,Thaliparambu(M)__Kannur,16759812.518139832
933,Kannur(C)__Kannur,81217158.16729376
934,Malur__Kannur,37823670.65652923
935,Mahe__,8812713.022496428
936,Kathiroor__Kannur,12271850.459397117
937,Ajanur__Kasaragod,27998553.016173664
938,Balal__Kasaragod,94170508.94253796
939,Bedadka__Kasaragod,85039870.03110881
940,Chemmanad__Kasaragod,39983607.91974752
941,Chengala__Kasaragod,53905229.262064934
942,Cheruvathur__Kasaragod,18360888.673822876
943,East Eleri__Kasaragod,62577860.885023005
944,Enmakaje__Kasaragod,77570637.46845749
945,Kallar__Kasaragod,51595813.88004888
946,Karaduka__Kasaragod,38292424.7909245
947,Kayyur-Chimeni__Kasaragod,71717262.55374925
948,Kinanur-Karindalam__Kasaragod,77356793.53802216
949,Kodom-Belur__Kasaragod,95464742.28485914
950,Kumbala__Kasaragod,40923557.18238702
951,Kumbadaje__Kasaragod,30419335.996879354
952,Kuttikol__Kasaragod,64983654.671037056
953,Madhur__Kasaragod,27027750.643271167
954,Madikai__Kasaragod,52007968.560908295
955,Mangalpady__Kasaragod,37146826.95135224
956,Manjeswaram__Kasaragod,25001886.509643033
957,Mogral-Puthur__Kasaragod,13675247.881336344
958,Meencha__Kasaragod,44938722.229884654
959,Nileswaram(M)__Kasaragod,26559192.46611463
960,Paivalike__Kasaragod,72225756.05084027
961,Pallikkara__Kasaragod,39022072.491771616
962,Pananthadi__Kasaragod,90650890.54441527
963,Pilicode__Kasaragod,26985122.51329037
964,Pullur-Periya__Kasaragod,63038042.72442951
965,Puthige__Kasaragod,39481285.66305285
966,Uduma__Kasaragod,24155380.885608602
967,Vorkady__Kasaragod,45301917.86884679
968,West Eleri__Kasaragod,78598067.70333454
969,Beloor__Kasaragod,30858948.264180165
970,Delampadi__Kasaragod,90778799.3898101
971,Badiyaduka__Kasaragod,67785843.09790726
972,Muliyar__Kasaragod,54551922.34260591
973,Thrikkarippur__Kasaragod,21767782.99041546
974,Kanjangad(M)__Kasaragod,40431287.309207484
975,Kasaragod(M)__Kasaragod,17510275.765638843
976,Padanna__Kasaragod,11935696.784383172
977,Valiyaparampa__Kasaragod,20433402.231293987
978,Adimali__Idukki,167794256.74385074
979,Bysonvalley__Idukki,62327882.89192103
980,Konnathadi__Idukki,73796793.45348898
981,Pallivasal__Idukki,40949608.73030556
982,Vellathooval__Idukki,70046381.54509543
983,Elappara__Idukki,111208144.49362487
984,Kokkayar__Idukki,52300771.594164014
985,Kumili__Idukki,870509037.2107488
986,Peerumedu__Idukki,82963384.8471705
987,Peruvanthanam__Idukki,71256858.22971378
988,Vandiperiyar__Idukki,44935293.225436725
989,Chinnakkanal__Idukki,66331453.927622855
990,Devikulam__Idukki,244867653.33636972
991,Edamalakkudi__Idukki,113912295.6964188
992,Kanthalloor__Idukki,114923569.66063003
993,Mankulam__Idukki,76916495.25365733
994,Marayoor__Idukki,108771761.34401472
995,Munnar__Idukki,267918715.06300965
996,Santhanpara__Idukki,76882359.65599917
997,Vattavada__Idukki,66916673.090039656
998,Alakode__Idukki,21739485.334261466
999,Karimannur__Idukki,57317843.09775239
1000,Kodikulam__Idukki,27823408.82164634
1001,Kudayathoor__Idukki,26658319.259921852
1002,Udumpannoor__Idukki,142484371.51134464
1003,Vannappuram__Idukki,51951314.465119556
1004,Velliyamattam__Idukki,50655888.69501519
1005,Arakkulam__Idukki,98831378.54549539
1006,Idukki- Kanjikkuzhi__Idukki,90884842.90485074
1007,Kamakshi__Idukki,18887028.551385943
1008,Mariyapuram__Idukki,67932405.49573551
1009,Vathikudi__Idukki,51919801.21502396
1010,Vazhathoppu__Idukki,139149560.6073311
1011,Ayyappankovil__Idukki,31336577.069963347
1012,Chakkupallam__Idukki,41420125.30882442
1013,Erattayar__Idukki,25130857.320796747
1014,Kanchiyar__Idukki,61299922.77370055
1015,Upputhara__Idukki,78600044.88875866
1016,Vandanmedu__Idukki,67067004.223682135
1017,Kattappana(M)__Idukki,57620657.2577006
1018,Karunapuram__Idukki,44824920.38731193
1019,Nedumkandam__Idukki,83553615.93110725
1020,Pampadumpara__Idukki,46759840.88476573
1021,Rajakkad__Idukki,30400664.02715209
1022,Rajakumari__Idukki,45093698.12375594
1023,Senapathi__Idukki,38273275.61257676
1024,Udumpanchola__Idukki,73615571.53527598
1025,Edavetti__Idukki,18910671.296719827
1026,Karinkunnam__Idukki,22220027.762101676
1027,Kumaramangalam__Idukki,25700579.486110236
1028,Manakkad__Idukki,22889340.23080698
1029,Muttom__Idukki,25000098.569137864
1030,Purappuzha__Idukki,23260660.14768018
1031,Thodupuzha(M)__Idukki,27974707.17798554
1032,Kuttichal__Thiruvananthapuram,124988652.90377425
1033,Akathethara__Palakkad,19721293.29068835
1034,Naranammoozhi__Pathanamthitta,3377289.66540564
1035,Punnapra North__Alappuzha,9945232.959070979
