name,area
Karumkulam__Thiruvananthapuram,4713572.447
Kanjiramkulam__Thiruvananthapuram,9359872.301
Athiyannoor__Thiruvananthapuram,12201140.28
Venganoor__Thiruvananthapuram,14763862.75
Madavoor__Thiruvananthapuram,18349515.99
Karavaram__Thiruvananthapuram,22296511.67
Nagaroor__Thiruvananthapuram,23480549.85
Navayikkulam__Thiruvananthapuram,28742548.39
Pulimathu__Thiruvananthapuram,26752950.83
Kilimanoor__Thiruvananthapuram,19363658.27
Pallikkal__Thiruvananthapuram,16565427.89
Pazhayakunnummel__Thiruvananthapuram,24800819.65
Kattakada__Thiruvananthapuram,22603269.71
Poovachal__Thiruvananthapuram,30396753.42
Aryanad__Thiruvananthapuram,39246581.36
Vellanad__Thiruvananthapuram,23344699.25
Uzhamalakkal__Thiruvananthapuram,18536291.91
Tholikkodu__Thiruvananthapuram,25030753.4
Balaramapuram__Thiruvananthapuram,10619099.41
Pallichal__Thiruvananthapuram,18597254.92
Malayinkeezhu__Thiruvananthapuram,16040213.67
Maranalloor__Thiruvananthapuram,25100519.61
Kalliyoor__Thiruvananthapuram,17224088.68
Vilappil__Thiruvananthapuram,20983442.01
Vilavoorkal__Thiruvananthapuram,10439808.01
Karode__Thiruvananthapuram,14067665.71
Parassala__Thiruvananthapuram,20194372.75
Poovar__Thiruvananthapuram,9387955.178
Chenkal__Thiruvananthapuram,19773457.01
Thirupuram__Thiruvananthapuram,6569213.567
Kulathoor__Thiruvananthapuram,13213235.96
Kollayil__Thiruvananthapuram,13445856.7
Kunnathukal__Thiruvananthapuram,25133413.29
Perumkadavila__Thiruvananthapuram,18051450.13
Aryancodu__Thiruvananthapuram,21641547.25
Ottasekharamangalam__Thiruvananthapuram,17687661.83
Kallikkad__Thiruvananthapuram,82290628.37
Chirayinkeezhu__Thiruvananthapuram,11507799.52
Anchuthengu__Thiruvananthapuram,4131620.329
Vakkam__Thiruvananthapuram,5024063.196
Mudakkal__Thiruvananthapuram,25780162.33
Manampoor__Thiruvananthapuram,14862164.22
Vettoor__Thiruvananthapuram,6929396.265
Varkala(M)__Thiruvananthapuram,15589879.77
Cherunniyoor__Thiruvananthapuram,9956552.53
Ottoor__Thiruvananthapuram,9532578.488
Edava__Thiruvananthapuram,9354853.961
Chemmaruthi__Thiruvananthapuram,17488563.6
Elakamon__Thiruvananthapuram,17374814.02
Aruvikkara__Thiruvananthapuram,21263205.99
Anad__Thiruvananthapuram,23870759.46
Panavoor__Thiruvananthapuram,21942856.72
Vembayam__Thiruvananthapuram,30770514.67
Nedumangad(M)__Thiruvananthapuram,32415198.94
Peringammala__Thiruvananthapuram,228888722.4
Nanniyodu__Thiruvananthapuram,38720196.2
Manikkal__Thiruvananthapuram,33316768.11
Nellanadu__Thiruvananthapuram,18446806.86
Pangod__Thiruvananthapuram,37050410.79
Kallara__Thiruvananthapuram,26143440.48
Kadinamkulam__Thiruvananthapuram,19911493.88
Pothencodu__Thiruvananthapuram,19414386.28
Mangalapuram__Thiruvananthapuram,22643707.02
Kottukal__Thiruvananthapuram,14818128.03
Vellarada__Thiruvananthapuram,34522511.23
Kadakkavoor__Thiruvananthapuram,10814644.8
Kizhuvilam__Thiruvananthapuram,13965821.19
Karakulam__Thiruvananthapuram,24268226.63
Pullampara__Thiruvananthapuram,27659754.06
Vamanpuram__Thiruvananthapuram,21568327.09
Azhoor__Thiruvananthapuram,12820945.61
Neyyattinkara(M)__Thiruvananthapuram,28695204.85
Vithura__Thiruvananthapuram,123657186.5
Attingal(M)__Thiruvananthapuram,17647829.15
Andoorkonam__Thiruvananthapuram,14115811.94
Thiruvananthapuram(C)__Thiruvananthapuram,213182504.5
Amboori__Thiruvananthapuram,29207705.04
Kummil__Kollam,18223322.68
Poothakulam__Kollam,16429159.18
Nilamel__Kollam,14103520.33
Paravoor(M)__Kollam,19883922.18
Chirakkara__Kollam,13151949.94
Chithara__Kollam,58191092.64
Kadakkal__Kollam,31048767.88
Kalluvathukkal__Kollam,36994203.12
Mayyanad__Kollam,18850279.18
Chathanoor__Kollam,16378896.48
Chadayamangalam__Kollam,28455540.63
Adichanalloor__Kollam,24267597.88
Velinalloor__Kollam,25213161.44
Ittiva__Kollam,42125521.26
Pooyappalli__Kollam,22137690.23
Thrikkovilvattom__Kollam,18358434.98
Alayamon__Kollam,59661085
Kollam(C)__Kollam,71848255.92
Elamadu__Kollam,30303818.7
Kottankara__Kollam,13662636.08
Nedumpana__Kollam,24902398.5
Elampalloor__Kollam,11614322.24
Neendakara__Kollam,5836130.936
Kareepra__Kollam,23141583.11
Veliyam__Kollam,30006655.05
Anchal__Kollam,24718049.61
Thrikkaruva__Kollam,17566268.78
Ummannoor__Kollam,34585013.29
Edamulakkal__Kollam,39380969.68
Perinadu__Kollam,15435394.52
Panayam__Kollam,10304400.35
Thekkumbhagam__Kollam,14283915.15
Kulathupuzha__Kollam,405877178.9
Eroor__Kollam,43632944.04
Chavara__Kollam,13242936.12
Kundara__Kollam,11655027.07
Perayam__Kollam,15894892.51
Ezhukone__Kollam,16069191.98
Muntrothuruthu__Kollam,13287318.91
Karavaloor__Kollam,24087924.51
Vettikkavala__Kollam,35814956.67
Kottarakkara(M)__Kollam,17650551.55
Melila__Kollam,18518907.34
East Kallada__Kollam,13350396.68
Thevalakkara__Kollam,17160244.26
West Kallada__Kollam,14045612.57
Neduvathoor__Kollam,23654969.03
Panmana__Kollam,17907645.71
Pavithreswaram__Kollam,25401965.21
Mynagappally__Kollam,20085140.69
Mylam__Kollam,25410811.06
Sasthamkotta__Kollam,23514861.41
Karunagappally(M)__Kollam,17855140.57
Thalavoor__Kollam,33582555.56
Kulakkada__Kollam,29987814.46
Pattazhi__Kollam,19072501.41
Kunnathur__Kollam,21400146.05
Sooranadu South__Kollam,17100154.51
Thodiyoor__Kollam,20841730.64
Aryankavu__Kollam,180025061.8
Kulasekharapuram__Kollam,17142134.57
Pattazhi Vadakkekkara__Kollam,20647207.99
Poruvazhy__Kollam,19331429.19
Clappana__Kollam,10341746.72
Thenmala__Kollam,157029990.1
Alappad__Kollam,6759330.926
Thazhava__Kollam,23726150.48
Ochira__Kollam,13107635.38
Sooranadu North__Kollam,22604271.52
Piravanthoor__Kollam,131542514.6
Vilakudi__Kollam,21034858.55
Punaloor(M)__Kollam,34463216.9
Pathanapuram__Kollam,37337220.41
Adoor(M)__Pathanamthitta,20832355.47
Aranmula__Pathanamthitta,23530456.26
Aruvappulam__Pathanamthitta,455275057.4
Ayiroor__Pathanamthitta,25252221.74
Chenneerkara__Pathanamthitta,19445830.33
Cherukol__Pathanamthitta,16130248.08
Chittar__Pathanamthitta,128167841.3
Enadimangalam__Pathanamthitta,30633122.56
Erathu__Pathanamthitta,21837336.53
Eraviperoor__Pathanamthitta,21630362.56
Ezhumattoor__Pathanamthitta,22086657.37
Ezhamkulam__Pathanamthitta,30447205.14
Elanthoor__Pathanamthitta,15130086.81
Kadampanadu__Pathanamthitta,34265745.84
Kadapra__Pathanamthitta,16819150.6
Kalanjoor__Pathanamthitta,55554213.06
Kallooppara__Pathanamthitta,17298696.19
Kaviyoor__Pathanamthitta,13317239.49
Kodumon__Pathanamthitta,46383758.89
Koipram__Pathanamthitta,22812511.55
Konni__Pathanamthitta,32515939.91
Kottanadu__Pathanamthitta,23192076.9
Kottangal__Pathanamthitta,23608686.99
Kozhancherry__Pathanamthitta,9625560.018
Kulanada__Pathanamthitta,20136041.9
Kunnamthanam__Pathanamthitta,17375208.37
Kuttoor__Pathanamthitta,9786904.475
Malayalappuzha__Pathanamthitta,24552389.57
Mallappuzhassery__Pathanamthitta,11029838.35
Mezhuveli__Pathanamthitta,16079861.98
Mylapra__Pathanamthitta,11182559.14
Naranammoozhi__Pathanamthitta,19216343.98
Naranganam__Pathanamthitta,20602348.74
Nedumpram__Pathanamthitta,8257024.355
Niranam__Pathanamthitta,10924490.3
Omalloor__Pathanamthitta,14571671.82
Pallikkal__Pathanamthitta,30872553.13
Pandalam Thekkekara__Pathanamthitta,19333709.78
Pandalam(M)__Pathanamthitta,28826062.82
Pathanamthitta(M)__Pathanamthitta,28044684.02
Peringara__Pathanamthitta,20497100.85
Pramadam__Pathanamthitta,38126767.27
Puramattom__Pathanamthitta,13998379.25
Ranni__Pathanamthitta,14247679.95
Ranni Angadi__Pathanamthitta,20892175.01
Ranni Pazhavangadi__Pathanamthitta,37703655.31
Ranni Perunnadu__Pathanamthitta,48539564.31
Seethathodu__Pathanamthitta,690790517.3
Thannithode__Pathanamthitta,150726810.6
Thiruvalla(M)__Pathanamthitta,25714696.39
Thottapuzhassery__Pathanamthitta,15283716.47
Thumpamon__Pathanamthitta,7482828.172
Vadasserikkara__Pathanamthitta,57570332.28
Vallikkode__Pathanamthitta,18538246.19
Vechuchira__Pathanamthitta,34195451.57
Mallappalli__Pathanamthitta,20170782.88
Anikkad__Pathanamthitta,19345642.31
Edathwa__Alappuzha,21920484.99
Mannancherry__Alappuzha,37828580.49
Alappuzha(M)__Alappuzha,45184310.55
Purakkad__Alappuzha,23439031.52
Pulinkunnu__Alappuzha,33341319.43
Cheruthana__Alappuzha,14559067.2
Pattanakkad__Alappuzha,15817943.75
Chennam Pallipuram__Alappuzha,26356598.72
Mavelikkara(M)__Alappuzha,14194398.54
Chengannur(M)__Alappuzha,12735818.02
Pathiyoor__Alappuzha,15236223.03
Thanneermukkam__Alappuzha,34585525.49
Kayamkulam(M)__Alappuzha,21396396.54
Palamel__Alappuzha,26338494.58
MavelikkaraThekkekara__Alappuzha,20481425.88
Muhamma__Alappuzha,27296890.8
Mannar__Alappuzha,15232904.26
ChennithalaThriperunthura__Alappuzha,22140059.88
Chettikulangara__Alappuzha,20833831.98
Thazhakkara__Alappuzha,22545347.77
Thiruvanvandoor__Alappuzha,9511355.938
Pandanadu__Alappuzha,11210790.35
Budhannur__Alappuzha,15781989.37
Puliyoor__Alappuzha,11744743.19
Cheriyanad__Alappuzha,14465750.31
Ala__Alappuzha,10964254.76
Venmony__Alappuzha,18162429.3
Bharanikavu__Alappuzha,23491305.64
Vallikunnam__Alappuzha,21691294.73
MavelikkaraThamarakulam__Alappuzha,21251371.33
Chunakkara__Alappuzha,16791652.28
Nooranadu__Alappuzha,21293654.94
Arattupuzha__Alappuzha,20946104.21
Chingoli__Alappuzha,6704267.068
Cheppad__Alappuzha,12772181.6
Devikulangara__Alappuzha,15655677.54
Kandalloor__Alappuzha,9739648.976
Muthukulam__Alappuzha,11788682.06
Karuvatta__Alappuzha,18114503.82
Thrikkunnapuzha__Alappuzha,12029805.88
Kumarapuram__Alappuzha,11122495.73
Karthikapalli__Alappuzha,7255322.848
Pallipad__Alappuzha,16052115.65
Veeyapuram__Alappuzha,13930168.94
Harippad(M)__Alappuzha,13667199.93
Punnapra South__Alappuzha,10898919.56
Ambalappuzha North__Alappuzha,12392183.39
Ambalappuzha South__Alappuzha,12354083.55
Neelamperoor__Alappuzha,21674365.93
Veliyanad__Alappuzha,18299524.79
Kavalam__Alappuzha,42834093.81
Muttar__Alappuzha,10388275.92
Kainakari__Alappuzha,47321338.67
Nedumudi__Alappuzha,27384991.8
Champakkulam__Alappuzha,23316127.46
Thakazhi__Alappuzha,28666747.27
Thalavadi__Alappuzha,15942372.44
Kadakkarapalli__Alappuzha,9240461.23
Cherthala South__Alappuzha,18893005.95
Kanjikkuzhi__Alappuzha,12949217.68
Mararikulam North__Alappuzha,18389601.41
Aroor__Alappuzha,14195370.51
Ezhupunna__Alappuzha,14903566.91
Kodamthuruthu__Alappuzha,12267901.85
Kuthiyathodu__Alappuzha,8543951.813
Thuravoor__Alappuzha,19164161.99
Vayalar__Alappuzha,14337631.83
Perumpalam__Alappuzha,14624658.12
Arukutty__Alappuzha,12615447.74
Panavally__Alappuzha,19022894.83
Thaikattussery__Alappuzha,14144846.96
Ramankari__Alappuzha,17133545.35
Mararikulam South__Alappuzha,19955349.73
Cherthala (M)__Alappuzha,18611622.99
Aryad__Alappuzha,6693454.861
Mulakuzha__Alappuzha,23261626.45
Krishnapuram__Alappuzha,10057485.24
Aymanam__Kottayam,30259275.39
Akalakunnam__Kottayam,35029738.69
Athirampuzha__Kottayam,20568552.28
Ayarkunnam__Kottayam,28679636.39
Bharananganam__Kottayam,27158649.82
Erumeli__Kottayam,88465206.76
Kadanad__Kottayam,39798391.71
Kaduthuruthy__Kottayam,34132065.39
Kanakari__Kottayam,23446235.47
Kangazha__Kottayam,25238874.5
Kanjirapally__Kottayam,50629977.74
Karoor__Kottayam,36494867.93
Karukachal__Kottayam,22695874.58
Kidangoor__Kottayam,23306585.09
Kooroppada__Kottayam,27490453.16
Kozhuvanal__Kottayam,21374832
Kumarakom__Kottayam,51072107.48
Kuravilangad__Kottayam,23176275
Kurichi__Kottayam,16479996.77
Madapally__Kottayam,24159756.11
Manjoor__Kottayam,29209038.11
Marangattupilly__Kottayam,30914925.42
Meenachil__Kottayam,28724611.96
Meenadam__Kottayam,11240149.6
Mundakkayam__Kottayam,45671791.51
Nedumkunnam__Kottayam,23912362.54
Pallikkathodu__Kottayam,23622722.64
Pampadi__Kottayam,30201948.96
Payippad__Kottayam,20206465.91
Thalanad__Kottayam,33790857.92
Thalappalam__Kottayam,23085660.16
Theekoyi__Kottayam,34797070.82
Thiruvarppu__Kottayam,33401673.14
Thrikodithanam__Kottayam,11667968.26
TV Puram__Kottayam,14450719.03
Udayanapuram__Kottayam,18736690.13
Uzhavoor__Kottayam,25251278.74
Vakathanam__Kottayam,26350654.7
Vazhappally__Kottayam,24253577.75
Vazhoor__Kottayam,30786698.99
Vechoor__Kottayam,30164730.97
Veliyannoor__Kottayam,19162228.68
Vellavoor__Kottayam,23472274.85
Vijayapuram__Kottayam,15153533.32
Arpookkara__Kottayam,28309795.16
Panachikkad__Kottayam,22880065.54
Manimala__Kottayam,36992500.51
Maravanthuruth__Kottayam,16065279.6
Chirakadav__Kottayam,39345978.39
Elikkulam__Kottayam,40301323.54
Erattupetta(M)__Kottayam,7384781.546
Ettumanoor(M)__Kottayam,27475490.15
Koottikkal__Kottayam,43590299.33
Koruthodu__Kottayam,28882192.28
Manarkadu__Kottayam,17407189.56
Melukavu__Kottayam,27770909.57
Mulakulam__Kottayam,29433532.82
Moonnilavu__Kottayam,34874607.68
Mutholi__Kottayam,19035801.29
Parathodu__Kottayam,56472798.43
Poonjar__Kottayam,18332504.12
Poonjar Thekkekara__Kottayam,53329255.56
Puthupalli__Kottayam,22614677.17
Thidanad__Kottayam,42238217.82
Vaikom(M)__Kottayam,12718520.95
Kallara (Vaikom)__Kottayam,27896270.63
Thalayazham__Kottayam,21011962.27
Kottayam(M)__Kottayam,56077650.53
Njeezhoor__Kottayam,29260059.46
Velloor__Kottayam,19097667.62
Thalayolaparambu__Kottayam,20078577.6
Changanassery(M)__Kottayam,14231027.75
Pala(M)__Kottayam,16390402.83
Neendoor__Kottayam,21092047.59
Kadaplamattam__Kottayam,21701792.13
Chempu__Kottayam,19294838.87
Ramapuram__Kottayam,52926122.29
Arakkuzha__Ernakulam,29659171.17
Ayavana__Ernakulam,29186499.3
Aiykkaranadu__Ernakulam,25398307.56
Alangad__Ernakulam,18913219.5
Aluva(M)__Ernakulam,6636155.16
Amballur__Ernakulam,22878979.14
Angamali(M)__Ernakulam,20971460.55
Asamannur__Ernakulam,21279916
Avoly__Ernakulam,19549333.15
Ayyampuzha__Ernakulam,246868936.2
Chellanam__Ernakulam,24981295.45
Chendamangalam__Ernakulam,11177019.07
Chengamanadu__Ernakulam,16661736.55
Cheranallur__Ernakulam,4300465.744
Chittattukara__Ernakulam,9717589.177
Choornikkara__Ernakulam,7847583.17
Chottanikara__Ernakulam,12400701.69
Edakkattuvayal__Ernakulam,26041921.86
Edathala__Ernakulam,19177624.84
Edavavanakad__Ernakulam,10857228.53
Elanji__Ernakulam,30159108.79
Elankunnapuzha__Ernakulam,17814509.65
Eloor(M)__Ernakulam,13558704
Ezhikkara__Ernakulam,15772736.23
Kadamakkudy__Ernakulam,17939596.68
Kadungalloor__Ernakulam,17313667.29
Kalady__Ernakulam,16596190.28
Kalamasseri(M)__Ernakulam,39416517.36
Kalloorkkad__Ernakulam,24249982.61
Kanjoor__Ernakulam,13966925.91
Karukutty__Ernakulam,29206578.96
Karumaloor__Ernakulam,20651038.84
Kavalangad__Ernakulam,70114323.82
Keerampara__Ernakulam,37478981.6
Keezhmadu__Ernakulam,17429527.96
Kizhakkambalam__Ernakulam,31411203.33
Kochi(C)__Ernakulam,97705864.81
Koothattukulam(M)__Ernakulam,22871365.71
Koovappady__Ernakulam,31864131.6
Kothamangalam(M)__Ernakulam,39548862.08
Kottappady__Ernakulam,32281132.36
Kottuvally__Ernakulam,20173011.47
Kumbalam__Ernakulam,20577375.84
Kumbalangy__Ernakulam,8190336.322
Kunnathunad__Ernakulam,27412389.49
Kunnukara__Ernakulam,19918711.36
Kuttampuzha__Ernakulam,491273225
Kuzhuppilly__Ernakulam,6337267.789
Malayattoor Neeleeswaram__Ernakulam,33830576.75
Maneedu__Ernakulam,26428166.35
Manjallur__Ernakulam,22311999.88
Manjapra__Ernakulam,10892656.09
Marad(M)__Ernakulam,12460234.16
Marady__Ernakulam,21444546.75
Mazhuvannur__Ernakulam,49200213.74
Mookkannoor__Ernakulam,22970993.39
Mudakkuzha__Ernakulam,21800102.41
Mulanthuruthy__Ernakulam,21411974.47
Mulavukadu__Ernakulam,16689123.77
Muvattupuzha(M)__Ernakulam,11525388.18
Nayarambalam__Ernakulam,13203465.36
Nedumbassery__Ernakulam,22870381.95
Nellikuzhy__Ernakulam,25872459.07
Njarakkal__Ernakulam,8202275.898
Okkal__Ernakulam,13214034.49
Paingottoor__Ernakulam,31042717.82
Payipra__Ernakulam,33742887.85
Palakuzha__Ernakulam,22649416.28
Pallarimangalam__Ernakulam,12755703.37
Pallippuram__Ernakulam,14305416.13
Pampakkuda__Ernakulam,28923384.66
Parakkadavu__Ernakulam,24558649.37
North Paravoor(M)__Ernakulam,8549172.691
Perumbavoor(M)__Ernakulam,11486161.8
Pindimana__Ernakulam,24752376.19
Piravom(M)__Ernakulam,29538076.78
Poothrika__Ernakulam,26615088.46
Pothanikkad__Ernakulam,18932330.3
Puthenvelikara__Ernakulam,19227268.4
Ramamangalam__Ernakulam,23081230.07
Rayamangalam__Ernakulam,36783380.91
Sreemoolanagaram__Ernakulam,14546008.24
Thirumaradi__Ernakulam,31170848.87
Thiruvaniyoor__Ernakulam,25422989.08
Thrikkakkara(M)__Ernakulam,15573176.33
Thrippunithura(M)__Ernakulam,29618372.47
Thuravoor__Ernakulam,16373842.71
Udayamperoor__Ernakulam,25891036.13
Vadakkekara__Ernakulam,10388128.44
Vadavucode Puthenkurissu__Ernakulam,33104403.93
Valakom__Ernakulam,24671153.32
Varapetty__Ernakulam,21522323.6
Varapuzha__Ernakulam,9692881.703
Vazhakkulam__Ernakulam,20110162.89
Vengola__Ernakulam,35700252.45
Vengoor__Ernakulam,53705591.94
Chelakkara__Thrissur,60356039.78
Eriyad__Thrissur,15291377.23
Edavilangadu__Thrissur,7282959.929
Kodungalloor(M)__Thrissur,29676944.67
Mathilakam__Thrissur,13276333.92
Sreenarayanapuram__Thrissur,18991826.35
Perinjanam__Thrissur,9238231.648
Kaipamangalam__Thrissur,14231783.32
Edathiruthy__Thrissur,16381529
Thannyam__Thrissur,18105829.03
Valappad__Thrissur,17313078.18
Thalikkulam__Thrissur,11088776.8
Vadanappilly__Thrissur,13134656.94
Engandiyoor__Thrissur,16318701.66
Chavakkad(M)__Thrissur,13088836.45
Punnayoorkkulam__Thrissur,19713420.73
Vadakkekkadu__Thrissur,13146095.14
Guruvayur(M)__Thrissur,29421438.15
Kunnamkulam(M)__Thrissur,19683261.22
Kattakambal__Thrissur,16313821.22
Kadavalloor__Thrissur,24695680.07
Porkkulam__Thrissur,14067994.8
Chowannoor__Thrissur,18922700.15
Orumanayoor__Thrissur,5206882.734
Mullasseri__Thrissur,17803257.99
Pavaratty__Thrissur,9886002.499
Elavally__Thrissur,16698318.26
Kaiparambu__Thrissur,21242129.43
Kuzhur__Thrissur,19574491.41
Poyya__Thrissur,19448579.56
Puthenchira__Thrissur,21540992.49
Annamanada__Thrissur,24575833.66
Kadukutty__Thrissur,17022807.78
Koratty__Thrissur,23499227.18
Pariyaram__Thrissur,28978847.28
Athirappilli__Thrissur,348590041
Muriyad__Thrissur,22083883.22
Chalakkudi(M)__Thrissur,25036310.54
Kodassery__Thrissur,48938283.78
Mattathoor__Thrissur,208098561
Mala__Thrissur,28657332.67
Aloor__Thrissur,36036308.85
Vellangalloor__Thrissur,26534678.11
Poomangalam__Thrissur,8933730.269
Padiyoor__Thrissur,18471301.17
Kattoor__Thrissur,12043088.38
Karalam__Thrissur,21530256.96
Cherppu__Thrissur,20838895.24
Paralam__Thrissur,17359039.24
Chazhoor__Thrissur,25313996.17
Anthikkad__Thrissur,13054370.95
Velookkara__Thrissur,35120141.34
Iringalakkuda(M)__Thrissur,22505643.53
Parappukkara__Thrissur,21175915.67
Nenmanikkara__Thrissur,11996378.84
Puthukkad__Thrissur,15527551.23
Varantharappilli__Thrissur,170491867.7
Thrikoor__Thrissur,25596405.7
Vallachira__Thrissur,10084316.27
Avinisseri__Thrissur,8070769.342
Puttoor__Thrissur,87512030.95
Alagappa Nagar__Thrissur,17522770.58
Nadathara__Thrissur,20252580.11
Adat__Thrissur,23793557.8
Thrissur(C)__Thrissur,101539858.1
Madakkathara__Thrissur,28495924.1
Veloor__Thrissur,28350856.84
Kadangode__Thrissur,32550750.69
Erumapetty__Thrissur,33598777.15
Desamangalam__Thrissur,22524670.88
Varavoor__Thrissur,30923335.34
Mulloorkkara__Thrissur,42157417.92
Vadakkancherri(M)__Thrissur,51952663.07
Mulankunnathukavu__Thrissur,20364286.31
Panancheri__Thrissur,110179544.7
Thekkumkara__Thrissur,39966597.8
Pazhayannoor__Thrissur,135353361.8
Thiruvilwamala__Thrissur,38062602.71
Kondazhy__Thrissur,30310406.03
Vallathol Nagar__Thrissur,18942790.94
Panjal__Thrissur,29293262.06
Kandanasseri__Thrissur,15439654.31
Tholoor__Thrissur,16171881.64
Avanoor__Thrissur,18200720.3
Arimpoor__Thrissur,22971948.15
Kolazhi__Thrissur,16740525.58
Choondal__Thrissur,20331397.93
Punnayoor__Thrissur,17452301.19
Kadappuram__Thrissur,10535495.32
Nattika__Thrissur,9341639.324
Kodakara__Thrissur,21516206.33
Manaloor__Thrissur,17962375.51
Meloor__Thrissur,23403929.72
Venkidangu__Thrissur,20721024.77
Kulukkalloor__Palakkad,21885118.52
Kizhakkanchery__Palakkad,111526081.2
Sholayur__Palakkad,195674926
Puthur__Palakkad,375213657.5
Kottoppadam__Palakkad,77230669.78
Malampuzha__Palakkad,134943166.1
Vandazhi__Palakkad,58404967.27
Ayiloor__Palakkad,40251036.06
Nelliyampathi__Palakkad,530958065.2
Elavancheri__Palakkad,32626695.84
Nenmara__Palakkad,34262018.43
Kuthannoor__Palakkad,35616436.6
Perumatti__Palakkad,60147425.91
Pallasana__Palakkad,29447150.66
Koduvayoor__Palakkad,20777123.92
Puthunagaram__Palakkad,9860754.241
Peruvembu__Palakkad,19620409.32
Kodumbu__Palakkad,22982736.53
Thenkurissi__Palakkad,30226516.95
Kannadi__Palakkad,22668388.16
Mathur__Palakkad,25358388.62
Alathur__Palakkad,19621649.56
Melarcode__Palakkad,25498323.11
Kavassery__Palakkad,30920119.55
Tharur__Palakkad,34069724.98
Peringottukurissi__Palakkad,31570421.41
Erimayur__Palakkad,33993573.95
Kuzhalmannam__Palakkad,30992754.17
Kottayi__Palakkad,20429397.53
Chittoor-Thathamangalam(M)__Palakkad,15012337.99
Polpulli__Palakkad,19939294.85
Nalleppilli__Palakkad,39195601.01
Eruthempathi__Palakkad,37101251.03
Vadakarapathy__Palakkad,49486971.21
Elappulli__Palakkad,48407017.9
Puthusseri__Palakkad,113116471.5
Marutharoad__Palakkad,16079367.38
Palakkad(M)__Palakkad,27071673.97
Parali__Palakkad,29148137.62
Mundoor__Palakkad,31818090.3
Karimba__Palakkad,73563542.04
Thenkara__Palakkad,53900654.34
Agali__Palakkad,159338198.1
Pirayiri__Palakkad,18679540.95
Puthupariyaram__Palakkad,78907730.8
Mankara__Palakkad,19607876.91
Kongadu__Palakkad,36845578.53
Vadakkancherri__Palakkad,35334605.44
Kannambra__Palakkad,32145116.45
Puthukkode__Palakkad,16563854.74
Shornur(M)__Palakkad,31845678.44
Vaniyamkulam__Palakkad,33732751.65
Ananganadi__Palakkad,18117362.48
Pookkottukavu__Palakkad,21482660.4
Trikkadeeri__Palakkad,26838881.85
Nellaya__Palakkad,26755299.95
Chalavara__Palakkad,30960360.55
Cherppulassery (M)__Palakkad,27464510.87
Vellinezhi__Palakkad,26403162.97
Sreekrishnapuram__Palakkad,30257470.09
Karimpuzha__Palakkad,48435020.35
Kanjirappuzha__Palakkad,57236561.85
Karakurissi__Palakkad,28697786.49
Mannarkkad(M)__Palakkad,15417641.29
Kumaramputhoor__Palakkad,36042849.6
Alanalloor__Palakkad,58831727.7
Lekkidiperoor__Palakkad,30854623.25
Mannoor__Palakkad,17696724.27
Keralassery__Palakkad,24841693.79
Ambalappara__Palakkad,52155926.2
Thachanattukara__Palakkad,35183916.16
Anakkara__Palakkad,21638205.75
Kappur__Palakkad,23219779.59
Chalissery__Palakkad,19076969.23
Pattithara__Palakkad,26854013.73
Paruthoor__Palakkad,20866835.16
Thrithala__Palakkad,21343697.5
Nagalasserry__Palakkad,26931875.65
Thirumittakode__Palakkad,33181769.37
Muthuthala__Palakkad,19687717.67
Pattambi (M)__Palakkad,16912395.37
Thiruvengappura__Palakkad,20544144.79
Ongalloor__Palakkad,32182431.02
Koppam__Palakkad,26142037.97
Vilayoor__Palakkad,18259218.3
Vallappuzha__Palakkad,21839032.44
Pattancherry__Palakkad,31131506.16
Ottappalam(M)__Palakkad,32714399.75
Thachampara__Palakkad,46628645.16
Kozhinjampara__Palakkad,43457860.57
Muthalamada__Palakkad,109952357.6
Kadampazhippuram__Palakkad,38534939.33
Vadavannoor__Palakkad,16560220.21
Kollengodu__Palakkad,42619410.13
Pothukallu__Malappuram,177389816.6
Perumpadappu__Malappuram,14906680.42
Veliyamcod__Malappuram,14464048.85
Nannammukku__Malappuram,19982262.02
Marancherri__Malappuram,20102293.53
Edappal__Malappuram,23904528.21
Alamkod__Malappuram,20235137.33
Vattamkulam__Malappuram,20741846.73
Aliparambu__Malappuram,35206685.6
Thazhekkod__Malappuram,41480282.49
Elamkulam__Malappuram,21623806.1
Angadippuram__Malappuram,37233816.36
Perinthalmanna(M)__Malappuram,38294881.07
Pulamanthol__Malappuram,31975680.98
Moorkanad__Malappuram,30460912.11
Irimbiliyam__Malappuram,24067537.86
Valancherri(M)__Malappuram,22370692.99
Edayoor__Malappuram,30251629.52
Thirurangadi(M)__Malappuram,17622554.51
Vallikunnu__Malappuram,23589713.09
Munniyoor__Malappuram,22121393.18
ARNagar__Malappuram,15212980.24
Peruvalloor__Malappuram,18908027.73
Parappur__Malappuram,15091081.88
Vengara__Malappuram,19120350.55
Athavanad__Malappuram,26848831.62
Marakkara__Malappuram,27850603.26
Kuruva__Malappuram,34871756.61
Ponmala__Malappuram,21553737.35
Ponnani(M)__Malappuram,24799042.05
Kalady__Malappuram,13503448.48
Purathur__Malappuram,18969782.49
Thriprangod__Malappuram,21466095.76
Thirunavaya__Malappuram,19804719.72
Mangalam__Malappuram,12537117.15
Niramaruthoor__Malappuram,9474902.812
Vettom__Malappuram,16759503.08
Thirur(M)__Malappuram,17282228.62
Cheriyamundam__Malappuram,11630647.77
Thalakkad__Malappuram,15052854.31
Perumannaklari__Malappuram,12273905.03
Valavannoor__Malappuram,15047295.94
Kalpakamcherri__Malappuram,15234911.88
Kottakkal(M)__Malappuram,20381718.68
Edarikkod__Malappuram,12399994.55
Thanalur__Malappuram,15165810.62
Parappanangadi(M)__Malappuram,22880492.3
Nannambra__Malappuram,18552323.02
Thennala__Malappuram,10590133.16
Ponmundam__Malappuram,9282243.678
Ozhur__Malappuram,15983577.46
Thenjippalam__Malappuram,16462308.27
Chelambra__Malappuram,17205430.71
Kannamangalam__Malappuram,27795804.36
Pallikkal__Malappuram,27682546.45
Kondotty(M)__Malappuram,31595140.36
Pulikkal__Malappuram,28145864.15
Kuzhimanna__Malappuram,22101762.07
Muthuvalloor__Malappuram,11659966.29
Cherukavu__Malappuram,19063920.4
Vazhakkad__Malappuram,24401824.85
Edappatta__Malappuram,25772883.96
Vettathur__Malappuram,36382944.89
Edavanna__Malappuram,54842610.36
Poroor__Malappuram,34671561.99
Pandikkadu__Malappuram,57400464.94
Karuvarakundu__Malappuram,80501440.71
Chokkadu__Malappuram,66100403.99
Mambadu__Malappuram,83724198.73
Kodoor__Malappuram,18145375.8
Puzhakkattiri__Malappuram,23473056.99
Makkaraparambu__Malappuram,11459388.62
Keezhattur__Malappuram,40441981.22
Koottilangadi__Malappuram,21395993.35
Oorakam__Malappuram,22087514.88
Morayoor__Malappuram,23416470.48
Malappuram(M)__Malappuram,33111462.84
Pookkottur__Malappuram,21154942.39
Anakkayam__Malappuram,45142432.04
Manjeri(M)__Malappuram,52658136.92
Pulpatta__Malappuram,30364453.59
Cheekkod__Malappuram,30205079.83
Kavanoor__Malappuram,29600902.73
Keezhuparambu__Malappuram,14893667.33
Urangattiri__Malappuram,76249413.8
Moothedam__Malappuram,30208613.54
Vazhikkadavu__Malappuram,138541259.8
Chaliyar__Malappuram,37084633.88
Nilambur(M)__Malappuram,55625005.92
Amarambalam__Malappuram,134285263.6
Karulayi__Malappuram,230780633.7
Edakkara__Malappuram,30744990.43
Chungathara__Malappuram,114555737
Thuvvoor__Malappuram,32899103.21
Mankada__Malappuram,30547605.24
Melattur__Malappuram,26702567.32
Thrikkalangod__Malappuram,60592859.6
Thiruvaali__Malappuram,32262843.06
Kalikavu__Malappuram,48151873.65
Wandoor__Malappuram,45818434.87
Thanur(M)__Malappuram,20163402.02
Areekkod__Malappuram,17407081.66
Kuttippuram__Malappuram,30074433.71
Thavanoor__Malappuram,27262272.1
Vazhayoor__Malappuram,16563379.74
Othukkungal__Malappuram,17244696.34
Atholi__Kozhikode,21196709.41
Ayancheri__Kozhikode,20897933.55
Azhiyur__Kozhikode,9973209.341
Balusseri__Kozhikode,22300226.65
Changaroth__Kozhikode,30057197.86
Chathamangalam__Kozhikode,39926395.11
Chelannur__Kozhikode,23896430.1
Chemancherry__Kozhikode,17196646.24
Chengottukavu__Kozhikode,13754533.47
Cherode__Kozhikode,12933033.23
Cheruvannur__Kozhikode,21462136.07
Edacheri__Kozhikode,16302871.24
Eramala__Kozhikode,19248824.49
Feroke(M)__Kozhikode,13229922
Kakkodi__Kozhikode,18514093.59
Kakkur__Kozhikode,20115327.62
Karassery__Kozhikode,36133488
Kavilumpara__Kozhikode,87748953.29
Kayakkodi__Kozhikode,28080375.7
Kayanna__Kozhikode,21138679.62
Keezhariyur__Kozhikode,13515568.35
Kizhakkoth__Kozhikode,20060085.12
Koduvalli(M)__Kozhikode,22268226.83
Koyilandi(M)__Kozhikode,29181737.05
Koodaranji__Kozhikode,69376833.89
Koothali__Kozhikode,17501099.99
Kottur__Kozhikode,31331098.87
Kunnummal__Kozhikode,10610297.68
Koorachundu__Kozhikode,114630550
Kuruvattur__Kozhikode,17859281.32
Madavoor__Kozhikode,19222346.11
Maniyur__Kozhikode,31094119.57
Maruthonkara__Kozhikode,23153202.06
Mavoor__Kozhikode,20572680.19
Meppayur__Kozhikode,23580359.67
Moodadi__Kozhikode,16503787.57
Mukkam(M)__Kozhikode,31498294.63
Nadapuram__Kozhikode,20158644.94
Naduvannur__Kozhikode,22649205.45
Nanmanda__Kozhikode,23082052.52
Narikkuni__Kozhikode,18294151.29
Narippatta__Kozhikode,50348201.39
Nochad__Kozhikode,23317781.13
Olavanna__Kozhikode,21014313.95
Omassery__Kozhikode,28990445.38
Onchiyam__Kozhikode,9126639.648
Panangad__Kozhikode,45295703.33
Perambra__Kozhikode,26556733.61
Perumanna__Kozhikode,16586855.79
Peruvayal__Kozhikode,23695332.78
Purameri__Kozhikode,20347900.09
Ramanattukara(M)__Kozhikode,11950102.71
Thalakulathur__Kozhikode,17594009.69
Thamarassery__Kozhikode,27802291.85
Thikkodi__Kozhikode,13972922.2
Thiruvallur__Kozhikode,27593134.78
Thuneri__Kozhikode,15430694.94
Thurayur__Kozhikode,10658189.33
Ulliyeri__Kozhikode,25612792.31
Unnikkulam__Kozhikode,37595978.87
Vadakara(M)__Kozhikode,21085758.08
Valayam__Kozhikode,23834298.05
Vanimal__Kozhikode,44388342.43
Velom__Kozhikode,25735527.81
Villiyappally__Kozhikode,17355801.71
Kutyadi__Kozhikode,15281924.81
Thiruvambadi__Kozhikode,74141897.65
Kodancheri__Kozhikode,120154411
Kattipara__Kozhikode,44556632.11
Arikkulam__Kozhikode,15569512.15
Chakkittapara__Kozhikode,102161257.6
Chekkyad__Kozhikode,24942979.49
Kodiyathur__Kozhikode,29608898.51
Kozhikkode(C)__Kozhikode,119440446.2
Payyoli(M)__Kozhikode,22620351.24
Kunnamangalam__Kozhikode,26706930.29
Kadalundi__Kozhikode,12539172.09
Puthuppadi__Kozhikode,61835735.01
Kottathara__Wayanad,32241028.82
Vengapalli__Wayanad,21394424.21
Padinjarathara__Wayanad,57782656.84
Thariyod__Wayanad,67898678.75
Muttil__Wayanad,45482865.58
Pozhuthana__Wayanad,70253993.95
Meppadi__Wayanad,134790270.7
Vythiri__Wayanad,49421241.88
Kalpatta(M)__Wayanad,38163927.99
Mupainad__Wayanad,62306815.5
Sulthan Bathery(M)__Wayanad,127871698.9
Mananthavady(M)__Wayanad,80685994.2
Noolpuzha__Wayanad,221368336.1
Meenangadi__Wayanad,53425373.03
Ambalavayal__Wayanad,61110135.83
Nenmeni__Wayanad,69773930.11
Pulpalli__Wayanad,80840317.73
Mullankolli__Wayanad,51307899.26
Panamaram__Wayanad,80528495.1
Kaniyampatta__Wayanad,38523017.76
Poothadi__Wayanad,99823229.97
Edavaka__Wayanad,47005867.91
Thondernadu__Wayanad,131054825.8
Thirunelli__Wayanad,201733849.1
Thavinjal__Wayanad,142047796.5
Vellamunda__Wayanad,64788856.55
Kolayad__Kannur,113999917.6
Ulikkal__Kannur,73603619.85
Payyavoor__Kannur,67191418.34
Eruvessi__Kannur,47818879
Malapattom__Kannur,19265631.72
Sreekandapuram(M)__Kannur,70146651.58
Naduvil__Kannur,80362968.19
Ramanthali__Kannur,30655005.37
Cherupuzha__Kannur,70701570.15
Pariyaram__Kannur,55340704.02
Mattool__Kannur,14434436.15
Madayi__Kannur,17772546.12
Ezhome__Kannur,19103568.34
Kunjimangalam__Kannur,15441893.89
Kadannapalli-Panapuzha__Kannur,51957831.54
Karivalloor-Peralam__Kannur,22909989.24
Payyannur(M)__Kannur,53454394.38
Kankole Alapadamba__Kannur,43083636.59
Eramam-Kuttoor__Kannur,76577061.23
Peringom-Vayakkara__Kannur,75845832.87
Alakode__Kannur,86948475.78
Chengalayi__Kannur,64189895.37
Chapparapadavu__Kannur,66025558.5
Kurumathur__Kannur,51703830.4
Pattuvam__Kannur,18330864.89
Anthoor(M)__Kannur,24516847.81
Kannapuram__Kannur,14300895.21
Cherukunnu__Kannur,15079687
Udayagiri__Kannur,58524896.31
Mayyil__Kannur,33471996.11
Irikkur__Kannur,11144756.51
Padiyoor__Kannur,55525961.42
Kottiyoor__Kannur,98701608.65
Kanichar__Kannur,39383735.92
Mattannoor(M)__Kannur,54047452.34
Muzhakkunnu__Kannur,31560772.31
Peravoor__Kannur,29783827.72
Aralam__Kannur,118101188.7
Ayyankunnu__Kannur,79772866.24
Payam__Kannur,51799356.95
Iritty(M)__Kannur,48317714.55
Thillankeri__Kannur,23072224.09
Muzhuppilangad__Kannur,8775426.383
Kalyasseri__Kannur,16650344.56
Pappinisseri__Kannur,14563590.68
Chirakkal__Kannur,13246842.06
Narath__Kannur,17271295.14
Kuttiatoor__Kannur,34699354.48
Kolacheri__Kannur,20877476.01
Valapattanam__Kannur,1977196.315
Azheeikkode__Kannur,17714070.77
Peralasseri__Kannur,19362699.34
Dharmadom__Kannur,11083378.09
Kadamboor__Kannur,8917503.719
Chembilod__Kannur,20457605.18
Anjarakandi__Kannur,15471197.14
Munderi__Kannur,20547804.72
Koodali__Kannur,41366366.97
Keezhalloor__Kannur,28027867.1
Mangattidam__Kannur,32239902.99
Chittariparambu__Kannur,35266975.01
Vengad__Kannur,27919611.44
Pinarayi__Kannur,20123461.67
Cheruthazham__Kannur,32147207.14
New Mahe__Kannur,4695009.656
Panoor(M)__Kannur,29328597.47
Pannyannoor__Kannur,10076146.15
Thriprangottur__Kannur,32211095.6
Pattiom__Kannur,36500864.63
Mokeri__Kannur,10941286.45
Kuthuparambu(M)__Kannur,17398745.93
Kelakom__Kannur,38536056.43
Kunnothuparambu__Kannur,29641310.45
Thalasseri(M)__Kannur,24561689.8
Eranjoli__Kannur,10339584.07
Chokli__Kannur,11771071.71
Kottayam__Kannur,8501871.43
Thaliparambu(M)__Kannur,16759812.52
Kannur(C)__Kannur,81217158.17
Malur__Kannur,37823670.66
Mahe__,8812713.022
Kathiroor__Kannur,12271850.46
Ajanur__Kasaragod,27998553.02
Balal__Kasaragod,94170508.94
Bedadka__Kasaragod,85039870.03
Chemmanad__Kasaragod,39983607.92
Chengala__Kasaragod,53905229.26
Cheruvathur__Kasaragod,18360888.67
East Eleri__Kasaragod,62577860.89
Enmakaje__Kasaragod,77570637.47
Kallar__Kasaragod,51595813.88
Karaduka__Kasaragod,38292424.79
Kayyur-Chimeni__Kasaragod,71717262.55
Kinanur-Karindalam__Kasaragod,77356793.54
Kodom-Belur__Kasaragod,95464742.28
Kumbala__Kasaragod,40923557.18
Kumbadaje__Kasaragod,30419336
Kuttikol__Kasaragod,64983654.67
Madhur__Kasaragod,27027750.64
Madikai__Kasaragod,52007968.56
Mangalpady__Kasaragod,37146826.95
Manjeswaram__Kasaragod,25001886.51
Mogral-Puthur__Kasaragod,13675247.88
Meencha__Kasaragod,44938722.23
Nileswaram(M)__Kasaragod,26559192.47
Paivalike__Kasaragod,72225756.05
Pallikkara__Kasaragod,39022072.49
Pananthadi__Kasaragod,90650890.54
Pilicode__Kasaragod,26985122.51
Pullur-Periya__Kasaragod,63038042.72
Puthige__Kasaragod,39481285.66
Uduma__Kasaragod,24155380.89
Vorkady__Kasaragod,45301917.87
West Eleri__Kasaragod,78598067.7
Beloor__Kasaragod,30858948.26
Delampadi__Kasaragod,90778799.39
Badiyaduka__Kasaragod,67785843.1
Muliyar__Kasaragod,54551922.34
Thrikkarippur__Kasaragod,21767782.99
Kanjangad(M)__Kasaragod,40431287.31
Kasaragod(M)__Kasaragod,17510275.77
Padanna__Kasaragod,11935696.78
Valiyaparampa__Kasaragod,20433402.23
Adimali__Idukki,167794256.7
Bysonvalley__Idukki,62327882.89
Konnathadi__Idukki,73796793.45
Pallivasal__Idukki,40949608.73
Vellathooval__Idukki,70046381.55
Elappara__Idukki,111208144.5
Kokkayar__Idukki,52300771.59
Kumili__Idukki,870509037.2
Peerumedu__Idukki,82963384.85
Peruvanthanam__Idukki,71256858.23
Vandiperiyar__Idukki,44935293.23
Chinnakkanal__Idukki,66331453.93
Devikulam__Idukki,244867653.3
Edamalakkudi__Idukki,113912295.7
Kanthalloor__Idukki,114923569.7
Mankulam__Idukki,76916495.25
Marayoor__Idukki,108771761.3
Munnar__Idukki,267918715.1
Santhanpara__Idukki,76882359.66
Vattavada__Idukki,66916673.09
Alakode__Idukki,21739485.33
Karimannur__Idukki,57317843.1
Kodikulam__Idukki,27823408.82
Kudayathoor__Idukki,26658319.26
Udumpannoor__Idukki,142484371.5
Vannappuram__Idukki,51951314.47
Velliyamattam__Idukki,50655888.7
Arakkulam__Idukki,98831378.55
Idukki- Kanjikkuzhi__Idukki,90884842.9
Kamakshi__Idukki,18887028.55
Mariyapuram__Idukki,67932405.5
Vathikudi__Idukki,51919801.22
Vazhathoppu__Idukki,139149560.6
Ayyappankovil__Idukki,31336577.07
Chakkupallam__Idukki,41420125.31
Erattayar__Idukki,25130857.32
Kanchiyar__Idukki,61299922.77
Upputhara__Idukki,78600044.89
Vandanmedu__Idukki,67067004.22
Kattappana(M)__Idukki,57620657.26
Karunapuram__Idukki,44824920.39
Nedumkandam__Idukki,83553615.93
Pampadumpara__Idukki,46759840.88
Rajakkad__Idukki,30400664.03
Rajakumari__Idukki,45093698.12
Senapathi__Idukki,38273275.61
Udumpanchola__Idukki,73615571.54
Edavetti__Idukki,18910671.3
Karinkunnam__Idukki,22220027.76
Kumaramangalam__Idukki,25700579.49
Manakkad__Idukki,22889340.23
Muttom__Idukki,25000098.57
Purappuzha__Idukki,23260660.15
Thodupuzha(M)__Idukki,27974707.18
Kuttichal__Thiruvananthapuram,124988652.9
Akathethara__Palakkad,19721293.29
Naranammoozhi__Pathanamthitta,3377289.665
Punnapra North__Alappuzha,9945232.959