name,S,E,I,R
Adat__Thrissur,31973,0,0,0
Adichanalloor__Kollam,33638,0,0,0
Adimali__Idukki,40484,0,0,0
Adoor(M)__Pathanamthitta,29171,0,0,0
Agali__Palakkad,34941,0,0,0
Aiykkaranadu__Ernakulam,21107,0,0,0
Ajanur__Kasaragod,49153,0,0,0
Akalakunnam__Kottayam,19718,0,0,0
Akathethara__Palakkad,28592,0,0,0
Ala__Alappuzha,13395,0,0,0
Alagappa Nagar__Thrissur,29341,0,0,0
Alakode__Idukki,9768,0,0,0
Alakode__Kannur,34878,0,0,0
Alamkod__Malappuram,7050,0,0,0
Alanalloor__Palakkad,52554,0,0,0
Alangad__Ernakulam,41251,0,0,0
Alappad__Kollam,21655,0,0,0
Alappuzha(M)__Alappuzha,174176,0,0,0
Alathur__Palakkad,26720,0,0,0
Alayamon__Kollam,20108,0,0,0
Aliparambu__Malappuram,7947,0,0,0
Aloor__Thrissur,43488,0,0,0
Aluva(M)__Ernakulam,22428,0,0,0
Amarambalam__Malappuram,7841,0,0,0
Ambalappara__Palakkad,38276,0,0,0
Ambalappuzha North__Alappuzha,30492,0,0,0
Ambalappuzha South__Alappuzha,23205,0,0,0
Ambalavayal__Wayanad,8568,0,0,0
Amballur__Ernakulam,25628,0,0,0
Amboori__Thiruvananthapuram,15920,0,0,0
Anad__Thiruvananthapuram,31687,0,0,0
Anakkara__Palakkad,24699,0,0,0
Anakkayam__Malappuram,9825,0,0,0
Ananganadi__Palakkad,24445,0,0,0
Anchal__Kollam,33088,0,0,0
Anchuthengu__Thiruvananthapuram,17396,0,0,0
Andoorkonam__Thiruvananthapuram,30781,0,0,0
Angadippuram__Malappuram,11712,0,0,0
Angamali(M)__Ernakulam,33465,0,0,0
Anikkad__Pathanamthitta,14585,0,0,0
Anjarakandi__Kannur,23030,0,0,0
Annamanada__Thrissur,30289,0,0,0
Anthikkad__Thrissur,21449,0,0,0
Anthoor(M)__Kannur,33991,0,0,0
Arakkulam__Idukki,18481,0,0,0
Arakkuzha__Ernakulam,15404,0,0,0
Aralam__Kannur,29328,0,0,0
Aranmula__Pathanamthitta,28695,0,0,0
Arattupuzha__Alappuzha,29264,0,0,0
Areekkod__Malappuram,6037,0,0,0
Arikkulam__Kozhikode,18378,0,0,0
Arimpoor__Thrissur,32292,0,0,0
ARNagar__Malappuram,7338,0,0,0
Aroor__Alappuzha,41146,0,0,0
Arpookkara__Kottayam,23809,0,0,0
Arukutty__Alappuzha,19411,0,0,0
Aruvappulam__Pathanamthitta,19536,0,0,0
Aruvikkara__Thiruvananthapuram,33396,0,0,0
Aryad__Alappuzha,32265,0,0,0
Aryanad__Thiruvananthapuram,26361,0,0,0
Aryancodu__Thiruvananthapuram,24328,0,0,0
Aryankavu__Kollam,11133,0,0,0
Asamannur__Ernakulam,19311,0,0,0
Athavanad__Malappuram,7573,0,0,0
Athirampuzha__Kottayam,40196,0,0,0
Athirappilli__Thrissur,9153,0,0,0
Athiyannoor__Thiruvananthapuram,26973,0,0,0
Atholi__Kozhikode,28213,0,0,0
Attingal(M)__Thiruvananthapuram,37436,0,0,0
Avanoor__Thrissur,22482,0,0,0
Avinisseri__Thrissur,21707,0,0,0
Avoly__Ernakulam,19797,0,0,0
Ayancheri__Kozhikode,26293,0,0,0
Ayarkunnam__Kottayam,34555,0,0,0
Ayavana__Ernakulam,20539,0,0,0
Ayiloor__Palakkad,28419,0,0,0
Ayiroor__Pathanamthitta,21797,0,0,0
Aymanam__Kottayam,34906,0,0,0
Ayyampuzha__Ernakulam,14211,0,0,0
Ayyankunnu__Kannur,22436,0,0,0
Ayyappankovil__Idukki,15611,0,0,0
Azheeikkode__Kannur,47323,0,0,0
Azhiyur__Kozhikode,30023,0,0,0
Azhoor__Thiruvananthapuram,27390,0,0,0
Badiyaduka__Kasaragod,34207,0,0,0
Balal__Kasaragod,23670,0,0,0
Balaramapuram__Thiruvananthapuram,36134,0,0,0
Balusseri__Kozhikode,27363,0,0,0
Bedadka__Kasaragod,27868,0,0,0
Beloor__Kasaragod,10241,0,0,0
Bharananganam__Kottayam,15848,0,0,0
Bharanikavu__Alappuzha,35426,0,0,0
Budhannur__Alappuzha,18444,0,0,0
Bysonvalley__Idukki,13941,0,0,0
Chadayamangalam__Kollam,22473,0,0,0
Chakkittapara__Kozhikode,21086,0,0,0
Chakkupallam__Idukki,21936,0,0,0
Chalakkudi(M)__Thrissur,49525,0,0,0
Chalavara__Palakkad,23466,0,0,0
Chalissery__Palakkad,24238,0,0,0
Chaliyar__Malappuram,4614,0,0,0
Champakkulam__Alappuzha,15848,0,0,0
Changanassery(M)__Kottayam,47685,0,0,0
Changaroth__Kozhikode,32107,0,0,0
Chapparapadavu__Kannur,31622,0,0,0
Chathamangalam__Kozhikode,46688,0,0,0
Chathanoor__Kollam,28585,0,0,0
Chavakkad(M)__Thrissur,39098,0,0,0
Chavara__Kollam,42655,0,0,0
Chazhoor__Thrissur,29141,0,0,0
Cheekkod__Malappuram,6297,0,0,0
Chekkyad__Kozhikode,24246,0,0,0
Chelakkara__Thrissur,40450,0,0,0
Chelambra__Malappuram,7078,0,0,0
Chelannur__Kozhikode,40697,0,0,0
Chellanam__Ernakulam,37399,0,0,0
Chemancherry__Kozhikode,34819,0,0,0
Chembilod__Kannur,34319,0,0,0
Chemmanad__Kasaragod,54747,0,0,0
Chemmaruthi__Thiruvananthapuram,32444,0,0,0
Chempu__Kottayam,21049,0,0,0
Chendamangalam__Ernakulam,29326,0,0,0
Chengala__Kasaragod,56781,0,0,0
Chengalayi__Kannur,30559,0,0,0
Chengamanadu__Ernakulam,27978,0,0,0
Chengannur(M)__Alappuzha,23466,0,0,0
Chengottukavu__Kozhikode,26791,0,0,0
Chenkal__Thiruvananthapuram,36544,0,0,0
Chennam Pallipuram__Alappuzha,28276,0,0,0
Chenneerkara__Pathanamthitta,19124,0,0,0
ChennithalaThriperunthura__Alappuzha,27586,0,0,0
Cheppad__Alappuzha,20052,0,0,0
Cheranallur__Ernakulam,30594,0,0,0
Cheriyamundam__Malappuram,5613,0,0,0
Cheriyanad__Alappuzha,22018,0,0,0
Cherode__Kozhikode,38245,0,0,0
Cherppu__Thrissur,37099,0,0,0
Cherppulassery (M)__Palakkad,34899,0,0,0
Cherthala (M)__Alappuzha,45827,0,0,0
Cherthala South__Alappuzha,40102,0,0,0
Cherukavu__Malappuram,7478,0,0,0
Cherukol__Pathanamthitta,12169,0,0,0
Cherukunnu__Kannur,16111,0,0,0
Cherunniyoor__Thiruvananthapuram,18114,0,0,0
Cherupuzha__Kannur,30733,0,0,0
Cheruthana__Alappuzha,12854,0,0,0
Cheruthazham__Kannur,29348,0,0,0
Cheruvannur__Kozhikode,23388,0,0,0
Cheruvathur__Kasaragod,27435,0,0,0
Chettikulangara__Alappuzha,37495,0,0,0
Chingoli__Alappuzha,14981,0,0,0
Chinnakkanal__Idukki,11553,0,0,0
Chirakadav__Kottayam,36164,0,0,0
Chirakkal__Kannur,45601,0,0,0
Chirakkara__Kollam,22669,0,0,0
Chirayinkeezhu__Thiruvananthapuram,29907,0,0,0
Chithara__Kollam,45383,0,0,0
Chittar__Pathanamthitta,16525,0,0,0
Chittariparambu__Kannur,23878,0,0,0
Chittattukara__Ernakulam,31303,0,0,0
Chittoor-Thathamangalam(M)__Palakkad,32298,0,0,0
Chokkadu__Malappuram,6340,0,0,0
Chokli__Kannur,28415,0,0,0
Choondal__Thrissur,32436,0,0,0
Choornikkara__Ernakulam,32746,0,0,0
Chottanikara__Ernakulam,22656,0,0,0
Chowannoor__Thrissur,16690,0,0,0
Chunakkara__Alappuzha,22730,0,0,0
Chungathara__Malappuram,8054,0,0,0
Clappana__Kollam,22250,0,0,0
Delampadi__Kasaragod,22773,0,0,0
Desamangalam__Thrissur,21883,0,0,0
Devikulam__Idukki,23709,0,0,0
Devikulangara__Alappuzha,20390,0,0,0
Dharmadom__Kannur,30804,0,0,0
East Eleri__Kasaragod,25075,0,0,0
East Kallada__Kollam,22046,0,0,0
Edacheri__Kozhikode,26819,0,0,0
Edakkara__Malappuram,6198,0,0,0
Edakkattuvayal__Ernakulam,18158,0,0,0
Edamalakkudi__Idukki,2236,0,0,0
Edamulakkal__Kollam,39244,0,0,0
Edappal__Malappuram,6684,0,0,0
Edappatta__Malappuram,4532,0,0,0
Edarikkod__Malappuram,5223,0,0,0
Edathala__Ernakulam,44204,0,0,0
Edathiruthy__Thrissur,29325,0,0,0
Edathwa__Alappuzha,19094,0,0,0
Edava__Thiruvananthapuram,25994,0,0,0
Edavaka__Wayanad,7539,0,0,0
Edavanna__Malappuram,9048,0,0,0
Edavavanakad__Ernakulam,21787,0,0,0
Edavetti__Idukki,14260,0,0,0
Edavilangadu__Thrissur,20363,0,0,0
Edayoor__Malappuram,6811,0,0,0
Elakamon__Thiruvananthapuram,25307,0,0,0
Elamadu__Kollam,27248,0,0,0
Elamkulam__Malappuram,5330,0,0,0
Elampalloor__Kollam,38536,0,0,0
Elanji__Ernakulam,16495,0,0,0
Elankunnapuzha__Ernakulam,50714,0,0,0
Elanthoor__Pathanamthitta,15344,0,0,0
Elappara__Idukki,23666,0,0,0
Elappulli__Palakkad,39032,0,0,0
Elavally__Thrissur,27209,0,0,0
Elavancheri__Palakkad,17940,0,0,0
Elikkulam__Kottayam,24499,0,0,0
Eloor(M)__Ernakulam,36722,0,0,0
Enadimangalam__Pathanamthitta,20453,0,0,0
Engandiyoor__Thrissur,23583,0,0,0
Enmakaje__Kasaragod,26824,0,0,0
Eramala__Kozhikode,34658,0,0,0
Eramam-Kuttoor__Kannur,27830,0,0,0
Eranjoli__Kannur,25818,0,0,0
Erathu__Pathanamthitta,24880,0,0,0
Erattayar__Idukki,19097,0,0,0
Erattupetta(M)__Kottayam,29705,0,0,0
Eraviperoor__Pathanamthitta,25172,0,0,0
Erimayur__Palakkad,30645,0,0,0
Eriyad__Thrissur,46213,0,0,0
Eroor__Kollam,33929,0,0,0
Erumapetty__Thrissur,29834,0,0,0
Erumeli__Kottayam,43273,0,0,0
Eruthempathi__Palakkad,18158,0,0,0
Eruvessi__Kannur,19216,0,0,0
Ettumanoor(M)__Kottayam,45837,0,0,0
Ezhamkulam__Pathanamthitta,32642,0,0,0
Ezhikkara__Ernakulam,18019,0,0,0
Ezhome__Kannur,19261,0,0,0
Ezhukone__Kollam,24251,0,0,0
Ezhumattoor__Pathanamthitta,18799,0,0,0
Ezhupunna__Alappuzha,21506,0,0,0
Feroke(M)__Kozhikode,54074,0,0,0
Guruvayur(M)__Thrissur,70012,0,0,0
Harippad(M)__Alappuzha,15691,0,0,0
Idukki- Kanjikkuzhi__Idukki,26809,0,0,0
Irikkur__Kannur,13820,0,0,0
Irimbiliyam__Malappuram,5904,0,0,0
Iringalakkuda(M)__Thrissur,62532,0,0,0
Iritty(M)__Kannur,40369,0,0,0
Ittiva__Kollam,36172,0,0,0
Kadakkal__Kollam,30719,0,0,0
Kadakkarapalli__Alappuzha,17496,0,0,0
Kadakkavoor__Thiruvananthapuram,23155,0,0,0
Kadalundi__Kozhikode,42516,0,0,0
Kadamakkudy__Ernakulam,16295,0,0,0
Kadamboor__Kannur,18979,0,0,0
Kadampanadu__Pathanamthitta,26909,0,0,0
Kadampazhippuram__Palakkad,31506,0,0,0
Kadanad__Kottayam,18734,0,0,0
Kadangode__Thrissur,32574,0,0,0
Kadannapalli-Panapuzha__Kannur,21785,0,0,0
Kadaplamattam__Kottayam,13046,0,0,0
Kadappuram__Thrissur,25305,0,0,0
Kadapra__Pathanamthitta,20827,0,0,0
Kadavalloor__Thrissur,36464,0,0,0
Kadinamkulam__Thiruvananthapuram,46476,0,0,0
Kadukutty__Thrissur,25128,0,0,0
Kadungalloor__Ernakulam,41827,0,0,0
Kaduthuruthy__Kottayam,31844,0,0,0
Kainakari__Alappuzha,19094,0,0,0
Kaipamangalam__Thrissur,35626,0,0,0
Kaiparambu__Thrissur,31299,0,0,0
Kakkodi__Kozhikode,42866,0,0,0
Kakkur__Kozhikode,22788,0,0,0
Kalady__Ernakulam,28279,0,0,0
Kalady__Malappuram,5320,0,0,0
Kalamasseri(M)__Ernakulam,71038,0,0,0
Kalanjoor__Pathanamthitta,32047,0,0,0
Kalikavu__Malappuram,7042,0,0,0
Kallar__Kasaragod,19414,0,0,0
Kallara (Vaikom)__Kottayam,13562,0,0,0
Kallara__Thiruvananthapuram,25844,0,0,0
Kallikkad__Thiruvananthapuram,13553,0,0,0
Kalliyoor__Thiruvananthapuram,40816,0,0,0
Kallooppara__Pathanamthitta,16921,0,0,0
Kalloorkkad__Ernakulam,13337,0,0,0
Kalluvathukkal__Kollam,52541,0,0,0
Kalpakamcherri__Malappuram,6198,0,0,0
Kalpatta(M)__Wayanad,31580,0,0,0
Kalyasseri__Kannur,31122,0,0,0
Kamakshi__Idukki,19762,0,0,0
Kanakari__Kottayam,22744,0,0,0
Kanchiyar__Idukki,22513,0,0,0
Kandalloor__Alappuzha,19925,0,0,0
Kandanasseri__Thrissur,24452,0,0,0
Kangazha__Kottayam,20115,0,0,0
Kanichar__Kannur,19325,0,0,0
Kaniyampatta__Wayanad,7672,0,0,0
Kanjangad(M)__Kasaragod,73342,0,0,0
Kanjikkuzhi__Alappuzha,29951,0,0,0
Kanjiramkulam__Thiruvananthapuram,18821,0,0,0
Kanjirapally__Kottayam,43057,0,0,0
Kanjirappuzha__Palakkad,32999,0,0,0
Kanjoor__Ernakulam,22541,0,0,0
Kankole Alapadamba__Kannur,15570,0,0,0
Kannadi__Palakkad,24030,0,0,0
Kannamangalam__Malappuram,7194,0,0,0
Kannambra__Palakkad,25084,0,0,0
Kannapuram__Kannur,18459,0,0,0
Kannur(C)__Kannur,232486,0,0,0
Kanthalloor__Idukki,10963,0,0,0
Kappur__Palakkad,31337,0,0,0
Karaduka__Kasaragod,21211,0,0,0
Karakulam__Thiruvananthapuram,52417,0,0,0
Karakurissi__Palakkad,27999,0,0,0
Karalam__Thrissur,21315,0,0,0
Karassery__Kozhikode,31536,0,0,0
Karavaloor__Kollam,23947,0,0,0
Karavaram__Thiruvananthapuram,30660,0,0,0
Kareepra__Kollam,29771,0,0,0
Karimannur__Idukki,19675,0,0,0
Karimba__Palakkad,27480,0,0,0
Karimpuzha__Palakkad,32117,0,0,0
Karinkunnam__Idukki,12454,0,0,0
Karivalloor-Peralam__Kannur,21105,0,0,0
Karode__Thiruvananthapuram,32090,0,0,0
Karoor__Kottayam,22746,0,0,0
Karthikapalli__Alappuzha,18956,0,0,0
Karukachal__Kottayam,23631,0,0,0
Karukutty__Ernakulam,28118,0,0,0
Karulayi__Malappuram,4972,0,0,0
Karumaloor__Ernakulam,36078,0,0,0
Karumkulam__Thiruvananthapuram,28290,0,0,0
Karunagappally(M)__Kollam,49604,0,0,0
Karunapuram__Idukki,26637,0,0,0
Karuvarakundu__Malappuram,8168,0,0,0
Karuvatta__Alappuzha,21211,0,0,0
Kasaragod(M)__Kasaragod,54172,0,0,0
Kathiroor__Kannur,31087,0,0,0
Kattakada__Thiruvananthapuram,40448,0,0,0
Kattakambal__Thrissur,25903,0,0,0
Kattappana(M)__Idukki,52045,0,0,0
Kattipara__Kozhikode,22706,0,0,0
Kattoor__Thrissur,18017,0,0,0
Kavalam__Alappuzha,14010,0,0,0
Kavalangad__Ernakulam,29727,0,0,0
Kavanoor__Malappuram,7259,0,0,0
Kavassery__Palakkad,29003,0,0,0
Kavilumpara__Kozhikode,22828,0,0,0
Kaviyoor__Pathanamthitta,16852,0,0,0
Kayakkodi__Kozhikode,24578,0,0,0
Kayamkulam(M)__Alappuzha,68634,0,0,0
Kayanna__Kozhikode,13755,0,0,0
Kayyur-Chimeni__Kasaragod,23495,0,0,0
Keerampara__Ernakulam,12525,0,0,0
Keezhalloor__Kannur,20747,0,0,0
Keezhariyur__Kozhikode,15116,0,0,0
Keezhattur__Malappuram,7112,0,0,0
Keezhmadu__Ernakulam,36567,0,0,0
Keezhuparambu__Malappuram,4500,0,0,0
Kelakom__Kannur,20440,0,0,0
Keralassery__Palakkad,15022,0,0,0
Kidangoor__Kottayam,21261,0,0,0
Kilimanoor__Thiruvananthapuram,20515,0,0,0
Kinanur-Karindalam__Kasaragod,27585,0,0,0
Kizhakkambalam__Ernakulam,33363,0,0,0
Kizhakkanchery__Palakkad,40928,0,0,0
Kizhakkoth__Kozhikode,31261,0,0,0
Kizhuvilam__Thiruvananthapuram,32901,0,0,0
Kochi(C)__Ernakulam,602046,0,0,0
Kodakara__Thrissur,32298,0,0,0
Kodamthuruthu__Alappuzha,25385,0,0,0
Kodancheri__Kozhikode,34854,0,0,0
Kodassery__Thrissur,34198,0,0,0
Kodikulam__Idukki,12952,0,0,0
Kodiyathur__Kozhikode,28335,0,0,0
Kodom-Belur__Kasaragod,33211,0,0,0
Kodoor__Malappuram,7119,0,0,0
Kodumbu__Palakkad,23828,0,0,0
Kodumon__Pathanamthitta,27700,0,0,0
Kodungalloor(M)__Thrissur,71244,0,0,0
Koduvalli(M)__Kozhikode,48687,0,0,0
Koduvayoor__Palakkad,29197,0,0,0
Koipram__Pathanamthitta,26425,0,0,0
Kokkayar__Idukki,11786,0,0,0
Kolacheri__Kannur,27943,0,0,0
Kolayad__Kannur,19790,0,0,0
Kolazhi__Thrissur,31567,0,0,0
Kollam(C)__Kollam,387942,0,0,0
Kollayil__Thiruvananthapuram,25077,0,0,0
Kollengodu__Palakkad,29587,0,0,0
Kondazhy__Thrissur,22403,0,0,0
Kondotty(M)__Malappuram,59526,0,0,0
Kongadu__Palakkad,30020,0,0,0
Konnathadi__Idukki,29092,0,0,0
Konni__Pathanamthitta,30299,0,0,0
Koodali__Kannur,30239,0,0,0
Koodaranji__Kozhikode,18678,0,0,0
Koorachundu__Kozhikode,17027,0,0,0
Kooroppada__Kottayam,27977,0,0,0
Koothali__Kozhikode,16969,0,0,0
Koothattukulam(M)__Ernakulam,17253,0,0,0
Koottikkal__Kottayam,14277,0,0,0
Koottilangadi__Malappuram,7005,0,0,0
Koovappady__Ernakulam,36241,0,0,0
Koppam__Palakkad,30169,0,0,0
Koratty__Thrissur,32523,0,0,0
Koruthodu__Kottayam,16413,0,0,0
Kothamangalam(M)__Ernakulam,38837,0,0,0
Kottakkal(M)__Malappuram,44382,0,0,0
Kottanadu__Pathanamthitta,14396,0,0,0
Kottangal__Pathanamthitta,17164,0,0,0
Kottankara__Kollam,39635,0,0,0
Kottappady__Ernakulam,17903,0,0,0
Kottarakkara(M)__Kollam,30055,0,0,0
Kottathara__Wayanad,3787,0,0,0
Kottayam__Kannur,19176,0,0,0
Kottayam(M)__Kottayam,138283,0,0,0
Kottayi__Palakkad,22037,0,0,0
Kottiyoor__Kannur,16768,0,0,0
Kottoppadam__Palakkad,43283,0,0,0
Kottukal__Thiruvananthapuram,33336,0,0,0
Kottur__Kozhikode,30982,0,0,0
Kottuvally__Ernakulam,42852,0,0,0
Koyilandi(M)__Kozhikode,71873,0,0,0
Kozhancherry__Pathanamthitta,12021,0,0,0
Kozhikkode(C)__Kozhikode,608503,0,0,0
Kozhinjampara__Palakkad,28751,0,0,0
Kozhuvanal__Kottayam,13381,0,0,0
Krishnapuram__Alappuzha,26705,0,0,0
Kudayathoor__Idukki,12122,0,0,0
Kulakkada__Kollam,32415,0,0,0
Kulanada__Pathanamthitta,23655,0,0,0
Kulasekharapuram__Kollam,49157,0,0,0
Kulathoor__Thiruvananthapuram,32569,0,0,0
Kulathupuzha__Kollam,34721,0,0,0
Kulukkalloor__Palakkad,27971,0,0,0
Kumarakom__Kottayam,22358,0,0,0
Kumaramangalam__Idukki,14865,0,0,0
Kumaramputhoor__Palakkad,32860,0,0,0
Kumarapuram__Alappuzha,20572,0,0,0
Kumbadaje__Kasaragod,14772,0,0,0
Kumbala__Kasaragod,46691,0,0,0
Kumbalam__Ernakulam,29193,0,0,0
Kumbalangy__Ernakulam,28248,0,0,0
Kumili__Idukki,35915,0,0,0
Kummil__Kollam,20383,0,0,0
Kundara__Kollam,14651,0,0,0
Kunjimangalam__Kannur,18965,0,0,0
Kunnamangalam__Kozhikode,53223,0,0,0
Kunnamkulam(M)__Thrissur,54071,0,0,0
Kunnamthanam__Pathanamthitta,20573,0,0,0
Kunnathukal__Thiruvananthapuram,39414,0,0,0
Kunnathunad__Ernakulam,33508,0,0,0
Kunnathur__Kollam,25009,0,0,0
Kunnothuparambu__Kannur,39392,0,0,0
Kunnukara__Ernakulam,21765,0,0,0
Kunnummal__Kozhikode,18031,0,0,0
Kuravilangad__Kottayam,18033,0,0,0
Kurichi__Kottayam,35815,0,0,0
Kurumathur__Kannur,31023,0,0,0
Kuruva__Malappuram,8513,0,0,0
Kuruvattur__Kozhikode,34241,0,0,0
Kuthannoor__Palakkad,23891,0,0,0
Kuthiyathodu__Alappuzha,23669,0,0,0
Kuthuparambu(M)__Kannur,29619,0,0,0
Kuttampuzha__Ernakulam,24451,0,0,0
Kuttiatoor__Kannur,25925,0,0,0
Kuttichal__Thiruvananthapuram,18343,0,0,0
Kuttikol__Kasaragod,24923,0,0,0
Kuttippuram__Malappuram,8961,0,0,0
Kuttoor__Pathanamthitta,19652,0,0,0
Kutyadi__Kozhikode,19351,0,0,0
Kuzhalmannam__Palakkad,27366,0,0,0
Kuzhimanna__Malappuram,6492,0,0,0
Kuzhuppilly__Ernakulam,12137,0,0,0
Kuzhur__Thrissur,19916,0,0,0
Lekkidiperoor__Palakkad,32858,0,0,0
Madakkathara__Thrissur,27181,0,0,0
Madapally__Kottayam,35245,0,0,0
Madavoor__Kozhikode,28672,0,0,0
Madavoor__Thiruvananthapuram,21091,0,0,0
Madayi__Kannur,35888,0,0,0
Madhur__Kasaragod,41463,0,0,0
Madikai__Kasaragod,22050,0,0,0
Mahe,41816,0,0,0
Makkaraparambu__Malappuram,3644,0,0,0
Mala__Thrissur,34371,0,0,0
Malampuzha__Palakkad,14479,0,0,0
Malapattom__Kannur,9628,0,0,0
Malappuram(M)__Malappuram,68127,0,0,0
Malayalappuzha__Pathanamthitta,17033,0,0,0
Malayattoor Neeleeswaram__Ernakulam,25485,0,0,0
Malayinkeezhu__Thiruvananthapuram,37068,0,0,0
Mallappalli__Pathanamthitta,17712,0,0,0
Mallappuzhassery__Pathanamthitta,11784,0,0,0
Malur__Kannur,22314,0,0,0
Mambadu__Malappuram,7533,0,0,0
Manakkad__Idukki,15106,0,0,0
Manaloor__Thrissur,32886,0,0,0
Manampoor__Thiruvananthapuram,23198,0,0,0
Mananthavady(M)__Wayanad,47974,0,0,0
Manarkadu__Kottayam,27579,0,0,0
Maneedu__Ernakulam,16980,0,0,0
Mangalam__Malappuram,5664,0,0,0
Mangalapuram__Thiruvananthapuram,36956,0,0,0
Mangalpady__Kasaragod,48441,0,0,0
Mangattidam__Kannur,34652,0,0,0
Manikkal__Thiruvananthapuram,37906,0,0,0
Manimala__Kottayam,21053,0,0,0
Maniyur__Kozhikode,39961,0,0,0
Manjallur__Ernakulam,17361,0,0,0
Manjapra__Ernakulam,16011,0,0,0
Manjeri(M)__Malappuram,97102,0,0,0
Manjeswaram__Kasaragod,41515,0,0,0
Manjoor__Kottayam,27888,0,0,0
Mankada__Malappuram,6530,0,0,0
Mankara__Palakkad,18732,0,0,0
Mankulam__Idukki,9595,0,0,0
Mannancherry__Alappuzha,50990,0,0,0
Mannar__Alappuzha,28916,0,0,0
Mannarkkad(M)__Palakkad,28617,0,0,0
Mannoor__Palakkad,19813,0,0,0
Marad(M)__Ernakulam,44704,0,0,0
Marady__Ernakulam,15543,0,0,0
Marakkara__Malappuram,7715,0,0,0
Maranalloor__Thiruvananthapuram,36832,0,0,0
Marancherri__Malappuram,7104,0,0,0
Marangattupilly__Kottayam,17758,0,0,0
Mararikulam North__Alappuzha,31322,0,0,0
Mararikulam South__Alappuzha,53263,0,0,0
Maravanthuruth__Kottayam,21728,0,0,0
Marayoor__Idukki,12399,0,0,0
Mariyapuram__Idukki,12071,0,0,0
Marutharoad__Palakkad,34627,0,0,0
Maruthonkara__Kozhikode,19871,0,0,0
Mathilakam__Thrissur,27833,0,0,0
Mathur__Palakkad,25016,0,0,0
Mattannoor(M)__Kannur,47078,0,0,0
Mattathoor__Thrissur,47875,0,0,0
Mattool__Kannur,27806,0,0,0
Mavelikkara(M)__Alappuzha,26421,0,0,0
MavelikkaraThamarakulam__Alappuzha,27017,0,0,0
MavelikkaraThekkekara__Alappuzha,32373,0,0,0
Mavoor__Kozhikode,29781,0,0,0
Mayyanad__Kollam,51891,0,0,0
Mayyil__Kannur,29649,0,0,0
Mazhuvannur__Ernakulam,34083,0,0,0
Meenachil__Kottayam,16863,0,0,0
Meenadam__Kottayam,13393,0,0,0
Meenangadi__Wayanad,8199,0,0,0
Meencha__Kasaragod,23318,0,0,0
Melarcode__Palakkad,26090,0,0,0
Melattur__Malappuram,5548,0,0,0
Melila__Kollam,21936,0,0,0
Meloor__Thrissur,27659,0,0,0
Melukavu__Kottayam,11476,0,0,0
Meppadi__Wayanad,8661,0,0,0
Meppayur__Kozhikode,27929,0,0,0
Mezhuveli__Pathanamthitta,14535,0,0,0
Mogral-Puthur__Kasaragod,24839,0,0,0
Mokeri__Kannur,19684,0,0,0
Moodadi__Kozhikode,30170,0,0,0
Mookkannoor__Ernakulam,19628,0,0,0
Moonnilavu__Kottayam,8731,0,0,0
Moorkanad__Malappuram,6944,0,0,0
Moothedam__Malappuram,5388,0,0,0
Morayoor__Malappuram,6501,0,0,0
Mudakkal__Thiruvananthapuram,36467,0,0,0
Mudakkuzha__Ernakulam,17355,0,0,0
Muhamma__Alappuzha,25861,0,0,0
Mukkam(M)__Kozhikode,40670,0,0,0
Mulakulam__Kottayam,25798,0,0,0
Mulakuzha__Alappuzha,28280,0,0,0
Mulankunnathukavu__Thrissur,20256,0,0,0
Mulanthuruthy__Ernakulam,21833,0,0,0
Mulavukadu__Ernakulam,25852,0,0,0
Muliyar__Kasaragod,25095,0,0,0
Mullankolli__Wayanad,6929,0,0,0
Mullasseri__Thrissur,21676,0,0,0
Mulloorkkara__Thrissur,20100,0,0,0
Mundakkayam__Kottayam,38445,0,0,0
Munderi__Kannur,37029,0,0,0
Mundoor__Palakkad,30648,0,0,0
Munnar__Idukki,32029,0,0,0
Munniyoor__Malappuram,10176,0,0,0
Muntrothuruthu__Kollam,9440,0,0,0
Mupainad__Wayanad,5562,0,0,0
Muriyad__Thrissur,27059,0,0,0
Muthalamada__Palakkad,37060,0,0,0
Mutholi__Kottayam,16880,0,0,0
Muthukulam__Alappuzha,20740,0,0,0
Muthuthala__Palakkad,24861,0,0,0
Muthuvalloor__Malappuram,4926,0,0,0
Muttar__Alappuzha,9388,0,0,0
Muttil__Wayanad,7998,0,0,0
Muttom__Idukki,10909,0,0,0
Muvattupuzha(M)__Ernakulam,30397,0,0,0
Muzhakkunnu__Kannur,21807,0,0,0
Muzhuppilangad__Kannur,23709,0,0,0
Mylam__Kollam,34090,0,0,0
Mylapra__Pathanamthitta,10258,0,0,0
Mynagappally__Kollam,41027,0,0,0
Nadapuram__Kozhikode,40230,0,0,0
Nadathara__Thrissur,31352,0,0,0
Naduvannur__Kozhikode,25979,0,0,0
Naduvil__Kannur,31190,0,0,0
Nagalasserry__Palakkad,27606,0,0,0
Nagaroor__Thiruvananthapuram,26512,0,0,0
Nalleppilli__Palakkad,32713,0,0,0
Nanmanda__Kozhikode,27316,0,0,0
Nannambra__Malappuram,6984,0,0,0
Nannammukku__Malappuram,6221,0,0,0
Nanniyodu__Thiruvananthapuram,26930,0,0,0
Naranammoozhi__Pathanamthitta,15454,0,0,0
Naranganam__Pathanamthitta,16452,0,0,0
Narath__Kannur,26769,0,0,0
Narikkuni__Kozhikode,24290,0,0,0
Narippatta__Kozhikode,26529,0,0,0
Nattika__Thrissur,19406,0,0,0
Navayikkulam__Thiruvananthapuram,40702,0,0,0
Nayarambalam__Ernakulam,24127,0,0,0
Nedumangad(M)__Thiruvananthapuram,60161,0,0,0
Nedumbassery__Ernakulam,31304,0,0,0
Nedumkandam__Idukki,41980,0,0,0
Nedumkunnam__Kottayam,21700,0,0,0
Nedumpana__Kollam,51384,0,0,0
Nedumpram__Pathanamthitta,12791,0,0,0
Nedumudi__Alappuzha,19701,0,0,0
Neduvathoor__Kollam,29627,0,0,0
Neelamperoor__Alappuzha,13514,0,0,0
Neendakara__Kollam,16976,0,0,0
Neendoor__Kottayam,19903,0,0,0
Nellanadu__Thiruvananthapuram,25981,0,0,0
Nellaya__Palakkad,36146,0,0,0
Nellikuzhy__Ernakulam,41181,0,0,0
Nelliyampathi__Palakkad,5545,0,0,0
Nenmanikkara__Thrissur,22002,0,0,0
Nenmara__Palakkad,36549,0,0,0
Nenmeni__Wayanad,11330,0,0,0
New Mahe__Kannur,16303,0,0,0
Neyyattinkara(M)__Thiruvananthapuram,70850,0,0,0
Nilambur(M)__Malappuram,46345,0,0,0
Nilamel__Kollam,15395,0,0,0
Nileswaram(M)__Kasaragod,39752,0,0,0
Niramaruthoor__Malappuram,5259,0,0,0
Niranam__Pathanamthitta,13445,0,0,0
Njarakkal__Ernakulam,23760,0,0,0
Njeezhoor__Kottayam,17640,0,0,0
Nochad__Kozhikode,26857,0,0,0
Noolpuzha__Wayanad,6510,0,0,0
Nooranadu__Alappuzha,25375,0,0,0
North Paravoor(M)__Ernakulam,31503,0,0,0
Ochira__Kollam,28412,0,0,0
Okkal__Ernakulam,24186,0,0,0
Olavanna__Kozhikode,68432,0,0,0
Omalloor__Pathanamthitta,17611,0,0,0
Omassery__Kozhikode,35009,0,0,0
Onchiyam__Kozhikode,28650,0,0,0
Ongalloor__Palakkad,43271,0,0,0
Oorakam__Malappuram,12589,0,0,0
Orumanayoor__Thrissur,11688,0,0,0
Othukkungal__Malappuram,7084,0,0,0
Ottappalam(M)__Palakkad,53792,0,0,0
Ottasekharamangalam__Thiruvananthapuram,18794,0,0,0
Ottoor__Thiruvananthapuram,16085,0,0,0
Ozhur__Malappuram,6277,0,0,0
Padanna__Kasaragod,22134,0,0,0
Padinjarathara__Wayanad,5788,0,0,0
Padiyoor__Kannur,21524,0,0,0
Padiyoor__Thrissur,18745,0,0,0
Paingottoor__Ernakulam,15441,0,0,0
Paivalike__Kasaragod,34274,0,0,0
Pala(M)__Kottayam,22056,0,0,0
Palakkad(M)__Palakkad,130955,0,0,0
Palakuzha__Ernakulam,13412,0,0,0
Palamel__Alappuzha,32556,0,0,0
Pallarimangalam__Ernakulam,14848,0,0,0
Pallasana__Palakkad,23729,0,0,0
Pallichal__Thiruvananthapuram,45219,0,0,0
Pallikkal__Malappuram,8970,0,0,0
Pallikkal__Pathanamthitta,41737,0,0,0
Pallikkal__Thiruvananthapuram,16900,0,0,0
Pallikkara__Kasaragod,43255,0,0,0
Pallikkathodu__Kottayam,17579,0,0,0
Pallipad__Alappuzha,24625,0,0,0
Pallippuram__Ernakulam,44042,0,0,0
Pallivasal__Idukki,17044,0,0,0
Pampadi__Kottayam,33004,0,0,0
Pampadumpara__Idukki,21172,0,0,0
Pampakkuda__Ernakulam,17672,0,0,0
Panachikkad__Kottayam,42701,0,0,0
Panamaram__Wayanad,10334,0,0,0
Panancheri__Thrissur,45963,0,0,0
Panangad__Kozhikode,33971,0,0,0
Pananthadi__Kasaragod,22976,0,0,0
Panavally__Alappuzha,31570,0,0,0
Panavoor__Thiruvananthapuram,20348,0,0,0
Panayam__Kollam,26825,0,0,0
Pandalam Thekkekara__Pathanamthitta,18366,0,0,0
Pandalam(M)__Pathanamthitta,41954,0,0,0
Pandanadu__Alappuzha,11489,0,0,0
Pandikkadu__Malappuram,10790,0,0,0
Pangod__Thiruvananthapuram,29039,0,0,0
Panjal__Thrissur,25024,0,0,0
Panmana__Kollam,50001,0,0,0
Pannyannoor__Kannur,22308,0,0,0
Panoor(M)__Kannur,57730,0,0,0
Pappinisseri__Kannur,35134,0,0,0
Parakkadavu__Ernakulam,29997,0,0,0
Paralam__Thrissur,24825,0,0,0
Parali__Palakkad,34451,0,0,0
Parappanangadi(M)__Malappuram,70903,0,0,0
Parappukkara__Thrissur,29659,0,0,0
Parappur__Malappuram,6554,0,0,0
Parassala__Thiruvananthapuram,52263,0,0,0
Parathodu__Kottayam,32864,0,0,0
Paravoor(M)__Kollam,37245,0,0,0
Pariyaram__Kannur,32878,0,0,0
Pariyaram__Thrissur,23070,0,0,0
Paruthoor__Palakkad,12170,0,0,0
Pathanamthitta(M)__Pathanamthitta,37538,0,0,0
Pathanapuram__Kollam,31660,0,0,0
Pathiyoor__Alappuzha,33925,0,0,0
Pattambi (M)__Palakkad,28632,0,0,0
Pattanakkad__Alappuzha,34620,0,0,0
Pattancherry__Palakkad,26018,0,0,0
Pattazhi Vadakkekkara__Kollam,15160,0,0,0
Pattazhi__Kollam,17718,0,0,0
Pattiom__Kannur,30502,0,0,0
Pattithara__Palakkad,33157,0,0,0
Pattuvam__Kannur,15659,0,0,0
Pavaratty__Thrissur,20676,0,0,0
Pavithreswaram__Kollam,31810,0,0,0
Payam__Kannur,28196,0,0,0
Payippad__Kottayam,23928,0,0,0
Payipra__Ernakulam,42682,0,0,0
Payyannur(M)__Kannur,72111,0,0,0
Payyavoor__Kannur,22998,0,0,0
Payyoli(M)__Kozhikode,49470,0,0,0
Pazhayakunnummel__Thiruvananthapuram,24608,0,0,0
Pazhayannoor__Thrissur,40256,0,0,0
Peerumedu__Idukki,21712,0,0,0
Peralasseri__Kannur,29107,0,0,0
Perambra__Kozhikode,32784,0,0,0
Peravoor__Kannur,23558,0,0,0
Perayam__Kollam,21236,0,0,0
Perinadu__Kollam,33955,0,0,0
Peringammala__Thiruvananthapuram,27667,0,0,0
Peringara__Pathanamthitta,21001,0,0,0
Peringom-Vayakkara__Kannur,29374,0,0,0
Peringottukurissi__Palakkad,25075,0,0,0
Perinjanam__Thrissur,21012,0,0,0
Perinthalmanna(M)__Malappuram,49723,0,0,0
Perumanna__Kozhikode,35460,0,0,0
Perumannaklari__Malappuram,4939,0,0,0
Perumatti__Palakkad,30445,0,0,0
Perumbavoor(M)__Ernakulam,28110,0,0,0
Perumkadavila__Thiruvananthapuram,23385,0,0,0
Perumpadappu__Malappuram,5876,0,0,0
Perumpalam__Alappuzha,9733,0,0,0
Peruvalloor__Malappuram,6411,0,0,0
Peruvanthanam__Idukki,15626,0,0,0
Peruvayal__Kozhikode,47700,0,0,0
Peruvembu__Palakkad,19312,0,0,0
Pilicode__Kasaragod,25122,0,0,0
Pinarayi__Kannur,33706,0,0,0
Pindimana__Ernakulam,16519,0,0,0
Piravanthoor__Kollam,33914,0,0,0
Piravom(M)__Ernakulam,27229,0,0,0
Pirayiri__Palakkad,41359,0,0,0
Polpulli__Palakkad,16500,0,0,0
Ponmala__Malappuram,6237,0,0,0
Ponmundam__Malappuram,4625,0,0,0
Ponnani(M)__Malappuram,90491,0,0,0
Pookkottukavu__Palakkad,14427,0,0,0
Pookkottur__Malappuram,7032,0,0,0
Poomangalam__Thrissur,12541,0,0,0
Poonjar Thekkekara__Kottayam,17588,0,0,0
Poonjar__Kottayam,12649,0,0,0
Poothadi__Wayanad,9800,0,0,0
Poothakulam__Kollam,29453,0,0,0
Poothrika__Ernakulam,21053,0,0,0
Poovachal__Thiruvananthapuram,43610,0,0,0
Poovar__Thiruvananthapuram,19628,0,0,0
Pooyappalli__Kollam,24447,0,0,0
Porkkulam__Thrissur,16339,0,0,0
Poroor__Malappuram,5907,0,0,0
Poruvazhy__Kollam,28722,0,0,0
Pothanikkad__Ernakulam,10221,0,0,0
Pothencodu__Thiruvananthapuram,29370,0,0,0
Pothukallu__Malappuram,6072,0,0,0
Poyya__Thrissur,22490,0,0,0
Pozhuthana__Wayanad,4256,0,0,0
Pramadam__Pathanamthitta,31251,0,0,0
Pulamanthol__Malappuram,7387,0,0,0
Pulikkal__Malappuram,7611,0,0,0
Pulimathu__Thiruvananthapuram,32293,0,0,0
Pulinkunnu__Alappuzha,20947,0,0,0
Puliyoor__Alappuzha,16668,0,0,0
Pullampara__Thiruvananthapuram,21817,0,0,0
Pullur-Periya__Kasaragod,29642,0,0,0
Pulpalli__Wayanad,8414,0,0,0
Pulpatta__Malappuram,7973,0,0,0
Punaloor(M)__Kollam,46702,0,0,0
Punnapra North__Alappuzha,28749,0,0,0
Punnapra South__Alappuzha,28377,0,0,0
Punnayoor__Thrissur,33368,0,0,0
Punnayoorkkulam__Thrissur,21416,0,0,0
Purakkad__Alappuzha,29782,0,0,0
Puramattom__Pathanamthitta,14069,0,0,0
Purameri__Kozhikode,27612,0,0,0
Purappuzha__Idukki,11836,0,0,0
Purathur__Malappuram,5787,0,0,0
Puthenchira__Thrissur,23375,0,0,0
Puthenvelikara__Ernakulam,28227,0,0,0
Puthige__Kasaragod,21823,0,0,0
Puthukkad__Thrissur,36722,0,0,0
Puthukkode__Palakkad,21642,0,0,0
Puthunagaram__Palakkad,17892,0,0,0
Puthupalli__Kottayam,29784,0,0,0
Puthupariyaram__Palakkad,39428,0,0,0
Puthuppadi__Kozhikode,42083,0,0,0
Puthur__Palakkad,26638,0,0,0
Puthusseri__Palakkad,51185,0,0,0
Puttoor__Thrissur,49284,0,0,0
Puzhakkattiri__Malappuram,5883,0,0,0
Rajakkad__Idukki,15198,0,0,0
Rajakumari__Idukki,16086,0,0,0
Ramamangalam__Ernakulam,14850,0,0,0
Ramanattukara(M)__Kozhikode,35937,0,0,0
Ramankari__Alappuzha,13332,0,0,0
Ramanthali__Kannur,25711,0,0,0
Ramapuram__Kottayam,29395,0,0,0
Ranni Angadi__Pathanamthitta,14855,0,0,0
Ranni Pazhavangadi__Pathanamthitta,24468,0,0,0
Ranni Perunnadu__Pathanamthitta,20561,0,0,0
Ranni__Pathanamthitta,13445,0,0,0
Rayamangalam__Ernakulam,36722,0,0,0
Santhanpara__Idukki,15632,0,0,0
Sasthamkotta__Kollam,33285,0,0,0
Seethathodu__Pathanamthitta,15773,0,0,0
Senapathi__Idukki,12529,0,0,0
Sholayur__Palakkad,17207,0,0,0
Shornur(M)__Palakkad,43533,0,0,0
Sooranadu North__Kollam,28471,0,0,0
Sooranadu South__Kollam,24766,0,0,0
Sreekandapuram(M)__Kannur,33489,0,0,0
Sreekrishnapuram__Palakkad,21873,0,0,0
Sreemoolanagaram__Ernakulam,25708,0,0,0
Sreenarayanapuram__Thrissur,37959,0,0,0
Sulthan Bathery(M)__Wayanad,45417,0,0,0
Thachampara__Palakkad,18087,0,0,0
Thachanattukara__Palakkad,26669,0,0,0
Thaikattussery__Alappuzha,20874,0,0,0
Thakazhi__Alappuzha,18826,0,0,0
Thalakkad__Malappuram,6883,0,0,0
Thalakulathur__Kozhikode,29388,0,0,0
Thalanad__Kottayam,7029,0,0,0
Thalappalam__Kottayam,13361,0,0,0
Thalasseri(M)__Kannur,92558,0,0,0
Thalavadi__Alappuzha,20459,0,0,0
Thalavoor__Kollam,34228,0,0,0
Thalayazham__Kottayam,20151,0,0,0
Thalayolaparambu__Kottayam,22571,0,0,0
Thalikkulam__Thrissur,25507,0,0,0
Thaliparambu(M)__Kannur,38474,0,0,0
Thamarassery__Kozhikode,35706,0,0,0
Thanalur__Malappuram,8844,0,0,0
Thanneermukkam__Alappuzha,42302,0,0,0
Thannithode__Pathanamthitta,13012,0,0,0
Thannyam__Thrissur,29238,0,0,0
Thanur(M)__Malappuram,69870,0,0,0
Thariyod__Wayanad,2734,0,0,0
Tharur__Palakkad,26178,0,0,0
Thavanoor__Malappuram,6924,0,0,0
Thavinjal__Wayanad,9257,0,0,0
Thazhakkara__Alappuzha,35989,0,0,0
Thazhava__Kollam,40571,0,0,0
Thazhekkod__Malappuram,7951,0,0,0
Theekoyi__Kottayam,10852,0,0,0
Thekkumbhagam__Kollam,16937,0,0,0
Thekkumkara__Thrissur,29511,0,0,0
Thenjippalam__Malappuram,6782,0,0,0
Thenkara__Palakkad,29527,0,0,0
Thenkurissi__Palakkad,27196,0,0,0
Thenmala__Kollam,23555,0,0,0
Thennala__Malappuram,5130,0,0,0
Thevalakkara__Kollam,42977,0,0,0
Thidanad__Kottayam,20752,0,0,0
Thikkodi__Kozhikode,27051,0,0,0
Thillankeri__Kannur,14583,0,0,0
Thirumaradi__Ernakulam,17585,0,0,0
Thirumittakode__Palakkad,31998,0,0,0
Thirunavaya__Malappuram,8484,0,0,0
Thirunelli__Wayanad,6902,0,0,0
Thirupuram__Thiruvananthapuram,18898,0,0,0
Thirur(M)__Malappuram,56058,0,0,0
Thirurangadi(M)__Malappuram,56632,0,0,0
Thiruvaali__Malappuram,6086,0,0,0
Thiruvalla(M)__Pathanamthitta,52883,0,0,0
Thiruvallur__Kozhikode,35598,0,0,0
Thiruvambadi__Kozhikode,28820,0,0,0
Thiruvananthapuram(C)__Thiruvananthapuram,966856,0,0,0
Thiruvaniyoor__Ernakulam,25171,0,0,0
Thiruvanvandoor__Alappuzha,14701,0,0,0
Thiruvarppu__Kottayam,29435,0,0,0
Thiruvengappura__Palakkad,33942,0,0,0
Thiruvilwamala__Thrissur,28544,0,0,0
Thodiyoor__Kollam,47607,0,0,0
Thodupuzha(M)__Idukki,42546,0,0,0
Tholikkodu__Thiruvananthapuram,25274,0,0,0
Tholoor__Thrissur,18431,0,0,0
Thondernadu__Wayanad,5280,0,0,0
Thottapuzhassery__Pathanamthitta,14469,0,0,0
Thrikkakkara(M)__Ernakulam,77319,0,0,0
Thrikkalangod__Malappuram,10415,0,0,0
Thrikkarippur__Kasaragod,38687,0,0,0
Thrikkaruva__Kollam,25432,0,0,0
Thrikkovilvattom__Kollam,61287,0,0,0
Thrikkunnapuzha__Alappuzha,26679,0,0,0
Thrikodithanam__Kottayam,35906,0,0,0
Thrikoor__Thrissur,27874,0,0,0
Thrippunithura(M)__Ernakulam,92550,0,0,0
Thriprangod__Malappuram,7821,0,0,0
Thriprangottur__Kannur,29911,0,0,0
Thrissur(C)__Thrissur,315957,0,0,0
Thrithala__Palakkad,27796,0,0,0
Thumpamon__Pathanamthitta,7566,0,0,0
Thuneri__Kozhikode,23421,0,0,0
Thuravoor__Alappuzha,28802,0,0,0
Thuravoor__Ernakulam,21468,0,0,0
Thurayur__Kozhikode,14176,0,0,0
Thuvvoor__Malappuram,7684,0,0,0
Trikkadeeri__Palakkad,26662,0,0,0
TV Puram__Kottayam,19511,0,0,0
Udayagiri__Kannur,18804,0,0,0
Udayamperoor__Ernakulam,39538,0,0,0
Udayanapuram__Kottayam,25612,0,0,0
Uduma__Kasaragod,37537,0,0,0
Udumpanchola__Idukki,14059,0,0,0
Udumpannoor__Idukki,23859,0,0,0
Ulikkal__Kannur,35429,0,0,0
Ulliyeri__Kozhikode,32509,0,0,0
Ummannoor__Kollam,33790,0,0,0
Unnikkulam__Kozhikode,49348,0,0,0
Upputhara__Idukki,26236,0,0,0
Urangattiri__Malappuram,8300,0,0,0
Uzhamalakkal__Thiruvananthapuram,21472,0,0,0
Uzhavoor__Kottayam,14339,0,0,0
Vadakara(M)__Kozhikode,75295,0,0,0
Vadakarapathy__Palakkad,26459,0,0,0
Vadakkancherri__Palakkad,35969,0,0,0
Vadakkancherri(M)__Thrissur,61341,0,0,0
Vadakkekara__Ernakulam,32745,0,0,0
Vadakkekkadu__Thrissur,26109,0,0,0
Vadanappilly__Thrissur,30184,0,0,0
Vadasserikkara__Pathanamthitta,21755,0,0,0
Vadavannoor__Palakkad,17126,0,0,0
Vadavucode Puthenkurissu__Ernakulam,24911,0,0,0
Vaikom(M)__Kottayam,23234,0,0,0
Vakathanam__Kottayam,33550,0,0,0
Vakkam__Thiruvananthapuram,16533,0,0,0
Valakom__Ernakulam,18308,0,0,0
Valancherri(M)__Malappuram,40318,0,0,0
Valapattanam__Kannur,7955,0,0,0
Valappad__Thrissur,35237,0,0,0
Valavannoor__Malappuram,6151,0,0,0
Valayam__Kozhikode,18374,0,0,0
Valiyaparampa__Kasaragod,12790,0,0,0
Vallachira__Thrissur,20233,0,0,0
Vallappuzha__Palakkad,28018,0,0,0
Vallathol Nagar__Thrissur,26133,0,0,0
Vallikkode__Pathanamthitta,20287,0,0,0
Vallikunnam__Alappuzha,30394,0,0,0
Vallikunnu__Malappuram,9859,0,0,0
Vamanpuram__Thiruvananthapuram,21038,0,0,0
Vandanmedu__Idukki,30567,0,0,0
Vandazhi__Palakkad,31929,0,0,0
Vandiperiyar__Idukki,40809,0,0,0
Vanimal__Kozhikode,25412,0,0,0
Vaniyamkulam__Palakkad,32050,0,0,0
Vannappuram__Idukki,28900,0,0,0
Varantharappilli__Thrissur,40892,0,0,0
Varapetty__Ernakulam,18529,0,0,0
Varapuzha__Ernakulam,26750,0,0,0
Varavoor__Thrissur,20045,0,0,0
Varkala(M)__Thiruvananthapuram,40048,0,0,0
Vathikudi__Idukki,27670,0,0,0
Vattamkulam__Malappuram,7454,0,0,0
Vattavada__Idukki,5697,0,0,0
Vayalar__Alappuzha,24804,0,0,0
Vazhakkad__Malappuram,7435,0,0,0
Vazhakkulam__Ernakulam,41521,0,0,0
Vazhappally__Kottayam,35800,0,0,0
Vazhathoppu__Idukki,19723,0,0,0
Vazhayoor__Malappuram,6468,0,0,0
Vazhikkadavu__Malappuram,9972,0,0,0
Vazhoor__Kottayam,25169,0,0,0
Vechoor__Kottayam,17041,0,0,0
Vechuchira__Pathanamthitta,21627,0,0,0
Veeyapuram__Alappuzha,11320,0,0,0
Velinalloor__Kollam,28864,0,0,0
Veliyam__Kollam,32030,0,0,0
Veliyamcod__Malappuram,6211,0,0,0
Veliyanad__Alappuzha,12501,0,0,0
Veliyannoor__Kottayam,11195,0,0,0
Vellamunda__Wayanad,8796,0,0,0
Vellanad__Thiruvananthapuram,31156,0,0,0
Vellangalloor__Thrissur,38243,0,0,0
Vellarada__Thiruvananthapuram,40206,0,0,0
Vellathooval__Idukki,25701,0,0,0
Vellavoor__Kottayam,17115,0,0,0
Vellinezhi__Palakkad,17101,0,0,0
Velliyamattam__Idukki,21440,0,0,0
Velloor__Kottayam,22785,0,0,0
Velom__Kozhikode,26738,0,0,0
Velookkara__Thrissur,29207,0,0,0
Veloor__Thrissur,27633,0,0,0
Vembayam__Thiruvananthapuram,38630,0,0,0
Vengad__Kannur,38606,0,0,0
Venganoor__Thiruvananthapuram,35963,0,0,0
Vengapalli__Wayanad,2676,0,0,0
Vengara__Malappuram,8506,0,0,0
Vengola__Ernakulam,50476,0,0,0
Vengoor__Ernakulam,21937,0,0,0
Venkidangu__Thrissur,25118,0,0,0
Venmony__Alappuzha,19932,0,0,0
Vettathur__Malappuram,5348,0,0,0
Vettikkavala__Kollam,36204,0,0,0
Vettom__Malappuram,6577,0,0,0
Vettoor__Thiruvananthapuram,18704,0,0,0
Vijayapuram__Kottayam,30838,0,0,0
Vilakudi__Kollam,32995,0,0,0
Vilappil__Thiruvananthapuram,36212,0,0,0
Vilavoorkal__Thiruvananthapuram,31761,0,0,0
Vilayoor__Palakkad,23389,0,0,0
Villiyappally__Kozhikode,34502,0,0,0
Vithura__Thiruvananthapuram,26249,0,0,0
Vorkady__Kasaragod,25756,0,0,0
Vythiri__Wayanad,4159,0,0,0
Wandoor__Malappuram,10239,0,0,0
West Eleri__Kasaragod,29316,0,0,0
West Kallada__Kollam,18176,0,0,0